,,,,,,,,,,,
Laporan Kas Harian PT. SKYNET LINTAS NUSANTARA,,,,,,,,,,,
Periode 01-30 April 2026,,,,,,,,,,,
Tanggal,No.Bukti,Keterangan,kategori, Penerimaan , Pengeluaran ,Saldo,,,,,
01- April,1,Saldo Awal,saldo awal,"370,000",,,,,,,
01- April,1,Bi untuk pembelian rumah tangga tgl 01/04/2026- 1pcs idm ktg plstk @ 300,Rumah Tangga,,300,"369,700",,,kategori,SUM of  Pengeluaran ,SUM of  Penerimaan 
01- April,1,Bi untuk pembelian rumah tangga tgl 01/04/2026- 1pcs sos p/lt apll @ 10.700,Rumah Tangga,,"10,700","359,000",,,ATK,"745,709.00",0
01- April,1,Bi untuk pembelian rumah tangga tgl 01/04/2026- 1pcs mama lime pouch @ 10.600,Rumah Tangga,,"10,600","348,400",,,Cicilan Motor,"2,394,000.00",0
01- April,1,diskon pembelian,diskon,4200,,"352,600",,,dana masuk,0.00,31561000
01- April,1,Bi pembelian material tgl 01/04/2026- 1pcs modem f663nv9+ adaptor@ 125.000,Material,,"125,000","227,600",,,diskon,"-3,600.00",55499
01- April,1,Bi untuk konsumsi kantor tgl 01/04/2026,konsumsi kantor,,"100,000","127,600",,,etol,"150,000.00",0
02-April,2,Dana Masuk Operasional,dana masuk,2035000,,"2,162,600",,,fee,"1,250,000.00",0
02-April,2,Bi pembelian material tgl 02/04/2026- 3pcs xpon Tj F663NV9 @ 120.000,Material,,"360,000","1,802,600",,,gaji,"250,000.00",0
02-April,2,Bi pembelian material tgl 02/04/2026- 3pcs adaptor 12v/1A @ 15.000,Material,,"45,000","1,757,600",,,konsumsi,"886,900.00",0
02-April,2,Bi pembelian ATK tgl 02/04/2026- 22pcs id card squeezy @ 1.300,ATK,,"21,450","1,736,150",,,konsumsi jenguk,"220,000.00",0
02-April,2,Bi pembelian ATK tgl 02/04/2026- 22pcs tali kait jepit  @ 1.000,ATK,,"19,800","1,716,350",,,konsumsi kantor,"2,166,000.00",0
02-April,2,diskon pembelian,diskon,9350,,"1,725,700",,,lain-lain,"2,770,000.00",0
02-April,2,Bi pembelian ATK tgl 02/04/2026- 22pcs id card  @ 7.500,ATK,,"165,000","1,560,700",,,Listrik Kantor,"1,285,000.00",0
02-April,2,Bi BBM N 3457 ABF km 510402 tgl 02/04/2026 ltr 1.0 lawang,transportasi,,"10,000","1,550,700",,,Listrik Server,"411,500.00",0
02-April,2,"Bi BBM N 2110 EFD km 587682 tgl 02/04/2026 ltr 1.5 maintance sentul,lawang",transportasi,,"15,000","1,535,700",,,Listrik server lawang,"200,000.00",0
02-April,2,Bi parkir P 2616 UC Bank Mandiri Singosari tgl 02/04/2026,transportasi,,"2,000","1,533,700",,,Listrik Server Sentul,"100,000.00",0
02-April,2,Bi untuk pembayaran pulsa no.Cs 085804041950 tgl 02/04/2026,pulsa,,"37,900","1,495,800",,,Material,"3,690,400.00",0
02-April,2,Bi untuk perawatan  kendaraan service N 2110 EFD tgl 02/04/2026,perawatan kendaraan ,,"100,000","1,395,800",,,perawatan aset kantor,"407,000.00",0
02-April,2,Bi untuk pembayaran fee CS. feby tgl 03/03/2026,gaji,,"250,000","1,145,800",,,perawatan kendaraan ,"1,436,000.00",0
04-April,3,Dana Masuk Operasional,dana masuk,1000000,,"2,145,800",,,pulsa,"137,900.00",0
04-April,3,Bi untuk konsumsi kantor tgl 03/04/2026,konsumsi kantor,,"91,000","2,054,800",,,Rumah Tangga,"621,500.00",0
04-April,3,Bi untuk pembayaran iuran sampah kantor tgl 03/04/2026,lain-lain,,"25,000","2,029,800",,,saldo awal,0.00,"370,000"
04-April,3,Bi untuk pembelian rumah tangga tgl 03/04/2026- 2pcs keranjang parcel @ 10.000,Rumah Tangga,,"20,000","2,009,800",,,sangu,1168000,0
04-April,3,Bi BBM N 2110 EFD tgl 02/04/2026 ltr 1.0 ,transportasi,,"12,000","1,997,800",,,transportasi,"3,733,960",0
04-April,3,Bi BBM M 5687 tgl 02/04/2026 ltr 2.0,transportasi,,"20,000","1,977,800",,,Grand Total,"24,020,269","31,986,499"
04-April,3,Bi BBM M 5687 km 486965 tgl 03/04/2026 ltr 2.5 maintance alap-alap,transportasi,,"25,000","1,952,800",,,,,
04-April,3,Bi BBM N 2113 EFD km58348 tgl 03/04/2026 ltr 1.0 maintance randuagung,transportasi,,"10,000","1,942,800",,,,,
04-April,3,Bi BBM N 2110 EFD tgl 03/04/2026 ltr 1.0 maintace suko,transportasi,,"12,000","1,930,800",,,,,
04-April,3,Bi BBM N 3451 ABF km 510493 tgl 04/04/2026 ltr 1.5 CSR sekolah singosari,transportasi,,"15,000","1,915,800",,,,,
04-April,3,Bi BBM N 2110 EFD km 50003 tgl 04/04/2026 ltr 2.0 CSR sekolah losari,transportasi,,"20,000","1,895,800",,,,,
04-April,3,"Bi BBM N 6840 GE km 726821 tgl 04/04/2026 ltr 2.5 maintance bantaran,bumiayu,comboran",transportasi,,"25,000","1,870,800",,,,,
04-April,3,Bi BBM N 1124 IC tgl 04/04/2026 ltr 10.0 ,transportasi,,"100,000","1,770,800",,,,,
04-April,3,Bi pembelian material tgl 04/04/2026- 1pcs modem Gm220+ adap@ 90.000,Material,,"90,000","1,680,800",,,,,
04-April,3,Bi pembelian material tgl 04/04/2026- 1pcs solasi @ 6.000,Material,,"6,000","1,674,800",,,,,
04-April,3,Bi pembelian material tgl 04/04/2026- 1pcs totolink N200RE v5@ 170.000,Material,,"170,000","1,504,800",,,,,
04-April,3,Bi pembelian material tgl 04/04/2026- 1pcs pilox @ 30.000,Material,,"30,000","1,474,800",,,,,
06-April,4,Dana Masuk Operasional,dana masuk,2000000,,"3,474,800",,,,,
06-April,4,Bi untuk uang lembur karyawan tgl 05/04/2026,lain-lain,,"100,000","3,374,800",,,,,
06-April,4,Bi untuk sumbangan RW tgl 05/04/2026,lain-lain,,"100,000","3,274,800",,,,,
06-April,4,Bi untuk perawatan  kendaraan service N 2114 EFD tgl 04/04/2026,perawatan kendaraan ,,"75,000","3,199,800",,,,,
06-April,4,Bi untuk perawatan  kendaraan service N 1124 IC tgl 06/04/2026,perawatan kendaraan ,,"365,000","2,834,800",,,,,
06-April,4,Bi BBM N 4976 FW  km 0 tgl 04/04/2026 ltr 2.0 maintance karangploso ,transportasi,,"20,000","2,814,800",,,,,
06-April,4,Bi BBM N 2113 EFD km 509058 tgl 05/04/2026 ltr 1.0 ikr sekolahan,transportasi,,"10,000","2,804,800",,,,,
06-April,4,Bi BBM N 1124 IC tgl 06/04/2026 ltr 10.0 ,transportasi,,"100,000","2,704,800",,,,,
06-April,4,Bi parkir N 2110 EFD Bank Mandiri Singosari tgl 06/04/2026,transportasi,,"2,000","2,702,800",,,,,
06-April,4,Bi BBM N 2110 EFD km 431596 tgl 06/04/2026 ltr 1.5 maintace karangploso,transportasi,,"15,000","2,687,800",,,,,
06-April,4,Bi BBM N 2113 EFD km 510002 tgl 06/04/2026 ltr 2.5 maintace tutur,transportasi,,"25,000","2,662,800",,,,,
06-April,4,"Bi BBM N 6840 GE km 987621 tgl 06/04/2026 ltr 2.0 maintace bantaran,bedali,suko",transportasi,,"20,000","2,642,800",,,,,
06-April,4,"Bi BBM N 2668 GM km 401926 tgl 03/04/2026 ltr 1.5 maintace bantaran,bedali,suko",transportasi,,"15,000","2,627,800",,,,,
06-April,4,Bi pembelian material tgl 04/04/2026- 1pcs  talitis@ 15.000,Material,,"15,000","2,612,800",,,,,
06-April,4,Bi pembelian material tgl 06/04/2026- 1pcs  isolasi  nasional @ 9.000,Material,,"9,000","2,603,800",,,,,
06-April,4,Bi pembelian material tgl 06/04/2026- 1pcs  kleam 6m@ 6.000,Material,,6000,"2,597,800",,,,,
06-April,4,Bi pembelian material tgl 06/04/2026- 1pcs  adaptor 12v B @ 18.000,Material,,18000,"2,579,800",,,,,
06-April,4,Bi pembelian material tgl 06/04/2026- 2pcs bateray abc @ 4.000,Material,,8000,"2,571,800",,,,,
06-April,4,"Bi untuk pembayaran fee IKR TIM SMK Unsur ikr,maintance tgl 06/04/2026",fee,,"1,250,000","1,321,800",,,,,
06-April,4,Bi untuk konsumsi mantaince karangploso tgl 06/04/2026,konsumsi,,"12,800","1,309,000",,,,,
7-April,5,Bi untuk konsumsi kantor tgl 07/04/2026,konsumsi kantor,,"105,000","1,204,000",,,,,
7-April,5,Bi untuk konsumsi tarik kabel ODC randutelu tgl 07/04/2026,konsumsi,,"50,000","1,154,000",,,,,
7-April,5,Bi BBM N 2113 EFD km 505285 tgl 01/04/2026 ltr 1.0 maintance song-song,transportasi,,"10,000","1,144,000",,,,,
7-April,5,Bi BBM N 6840 GE km 698681 tgl 01/04/2026 ltr 1.5 maintance arjosari,transportasi,,"15,000","1,129,000",,,,,
7-April,5,Bi BBM N 2418 km 356342 tgl 01/04/2026 ltr 1.5 purwosari,transportasi,,"15,000","1,114,000",,,,,
7-April,5,Bi BBM N 2109 EFD km 472185 tgl 01/04/2026 ltr 2.0,transportasi,,"20,000","1,094,000",,,,,
7-April,5,"Bi BBM N 2418 YBI km 549211 tgl 02/04/2026 ltr 2.0 maintance temenggungan,gondang",transportasi,,"20,000","1,074,000",,,,,
7-April,5,Bi BBM P 2616 UC km 80301 tgl 07/04/2026 ltr 2.0 CSR sekolahan singosari,transportasi,,"20,000","1,054,000",,,,,
7-April,5,"Bi BBM M 2369 AI tgl 07/04/2026 ltr 2.0 purwodadi, singosari,lawang",transportasi,,"20,000","1,034,000",,,,,
7-April,5,"Bi BBM 2113 EFD km 512055tgl 07/04/2026 ltr 2.0 mantance gondang,malang",transportasi,,"20,000","1,014,000",,,,,
7-April,5,Bi BBM 2760 ABO km 53259 tgl 07/04/2026 ltr 3.0 maintance ngadipuro,transportasi,,"30,000","984,000",,,,,
7-April,5,Bi BBM N 1124 IC tgl 07/04/2026 ltr 10.0 ,transportasi,,"100,000","884,000",,,,,
7-April,5,Bi parkir N 2113 EFD Bank Mandiri Singosari tgl 07/04/2026,transportasi,,"2,000","882,000",,,,,
7-April,5,Bi untuk menjenguk karyawan sakit (tiwi) tgl 07/04/2026,lain-lain,,"200,000","682,000",,,,,
7-April,5,Bi pembelian material tgl 30/03/2026- 1pcs modem @ 135.000,Material,,"135,000","547,000",,,,,
7-April,5,Bi pembelian material tgl 07/04/2026- 1kg avian SB @ 84.000,Material,,"84,000","463,000",,,,,
7-April,5,Bi pembelian material tgl 07/04/2026- 1pcs kuas @ 10.000,Material,,"10,000","453,000",,,,,
7-April,5,Bi pembelian material tgl 07/04/2026- 1pcs tinir @ 10.000,Material,,"10,000","443,000",,,,,
8-April,6,Dana Masuk Operasional,dana masuk,2000000,,"2,443,000",,,,,
8-April,6,Bi untuk pembelian listrik server randuagung idpel 5130010486945 tgl 08/03/2026,Listrik Server,,"204,500","2,238,500",,,,,
8-April,6,diskon pembelian,diskon,4500,,"2,243,000",,,,,
8-April,6,Bi untuk konsumsi kantor tgl 08/04/2026,konsumsi kantor,,"90,000","2,153,000",,,,,
8-April,6,Bi untuk konsumsi tarik kabel ODC randutelu tgl 08/04/2026,konsumsi,,"50,000","2,103,000",,,,,
8-April,6,"Bi BBM N 6840 GE km 689231tgl 08/04/2026 ltr 1.5 maintace bedali,slb",transportasi,,"15,000","2,088,000",,,,,
8-April,6,"Bi BBM N 3346 ABF km 702352 tgl 08/04/2026 ltr 2.0 maintace singosari,arjosari",transportasi,,"20,000","2,068,000",,,,,
8-April,6,"Bi BBM N 2113 EFD km 510073 tgl 08/04/2026 ltr 2.0 maintace lawang,malang",transportasi,,"20,000","2,048,000",,,,,
8-April,6,Bi pembelian material tgl 08/04/2026- 1pcs  box odp tarmoc 16 port @ 270.000,Material,,"270,000","1,778,000",,,,,
8-April,6,Bi untuk pembelian rumah tangga tgl 08/04/2026- 1pcs idm ktg plstk @ 300,Rumah Tangga,,300,"1,777,700",,,,,
8-April,6,Bi untuk pembelian rumah tangga tgl 08/04/2026- 2pcs lwk kopi murni @ 10.500,Rumah Tangga,,"21,000","1,756,700",,,,,
8-April,6,Bi untuk pembelian rumah tangga tgl 08/04/2026- 1pcs neo/c transo @ 10.800,Rumah Tangga,,"10,800","1,745,900",,,,,
8-April,6,Bi untuk pembelian rumah tangga tgl 08/04/2026- 1pcs coff gl aren@ 13.500,Rumah Tangga,,"13,500","1,732,400",,,,,
8-April,6,Bi untuk pembelian rumah tangga tgl 08/04/2026- 1pcs coff mkcno @ 13.500,Rumah Tangga,,"13,500","1,718,900",,,,,
8-April,6,Bi untuk pembelian rumah tangga tgl 08/04/2026- 1pcs rose/b gula 1kg @ 17.500,Rumah Tangga,,"17,500","1,701,400",,,,,
8-April,6,diskon pembelian,diskon,4400,,"1,705,800",,,,,
9-Apr-26,7,Bi untuk konsumsi tarik kabel ODC randutelu tgl 09/04/2026,konsumsi,,"14,000","1,691,800",,,,,
9-Apr-26,7,Bi untuk konsumsi kantor tgl 09/04/2026,konsumsi kantor,,"100,000","1,591,800",,,,,
9-Apr-26,7,Bi BBM N 2114 EFD km 399141 tgl 09/04/2026 ltr 3.5 tarik kabel randutelu,transportasi,,"35,780","1,556,020",,,,,
9-Apr-26,7,Bi BBM N 3346 ABF km 703208 tgl 09/04/2026 ltr 2.0 maintance purwodadi,transportasi,,"20,000","1,536,020",,,,,
9-Apr-26,7,"Bi BBM N 2113 EFD km 513078 tgl 09/04/2026 ltr 2.0 maintance lawang,malang",transportasi,,"20,000","1,516,020",,,,,
9-Apr-26,7,"Bi BBM N 2668 GM km 501469 tgl 09/04/2026 ltr 2.0 maintance bedali,martopuro",transportasi,,"20,000","1,496,020",,,,,
9-Apr-26,7,Bi untuk pembayaran sewa mobil dan bbm tgl 09/04/2026,lain-lain,,"150,000","1,346,020",,,,,
10-Apr-26,8,Dana Masuk Operasional,dana masuk,2000000,,"3,346,020",,,,,
10-Apr-26,8,Bi BBM P 2616 UC km 8316 tgl 10/04/2026 ltr 4.0 CSR sekolahan singosari,transportasi,,"40,000","3,306,020",,,,,
10-Apr-26,8,Bi BBM N 2113 EFD km 503076 tgl 10/04/2026 ltr 1.0 malang,transportasi,,"10,000","3,296,020",,,,,
10-Apr-26,8,Bi BBM L 1793 ACP  tgl 10/04/2026 ltr 10.0,transportasi,,"100,000","3,196,020",,,,,
10-Apr-26,8,"Bi BBM N 3346 ABF km 703208 tgl 10/04/2026 ltr 2.0 maintace bedali,martopuro",transportasi,,"20,000","3,176,020",,,,,
10-Apr-26,8,"Bi BBM N 6840 GE km 543562 tgl 10/04/2026 ltr 2.0 maintace bedali,gondang,suko",transportasi,,"15,000","3,161,020",,,,,
10-Apr-26,8,Bi untuk pembelian listrik kantor randuagung idpel 513010051348 tgl 09/04/2026              ,Listrik Kantor,,"53,000","3,108,020",,,,,
10-Apr-26,8,Bi untuk pembelian listrik kantor randuagung idpel 513010051348 tgl 10/04/2026              ,Listrik Kantor,,"204,500","2,903,520",,,,,
10-Apr-26,8,Bi pembelian material tgl 10/04/2026- 1pcs  isolasi  nasional @ 6.500,Material,,"6,500","2,897,020",,,,,
10-Apr-26,8,Bi untuk pembelian rumah tangga tgl 10/04/2026- 6pcs oxy @ 12.000,Rumah Tangga,,"72,000","2,825,020",,,,,
10-Apr-26,8,Bi untuk pembelian rumah tangga tgl 10/04/2026- 1pcs otc @ 8.000,Rumah Tangga,,"8,000","2,817,020",,,,,
10-Apr-26,8,Bi untuk pembelian rumah tangga tgl 10/04/2026- 1pcs paten @ 8.000,Rumah Tangga,,"8,000","2,809,020",,,,,
10-Apr-26,8,Bi untuk pembelian rumah tangga tgl 10/04/2026- 1pcs genetik @ 6.000,Rumah Tangga,,"6,000","2,803,020",,,,,
10-Apr-26,8,Bi untuk konsumsi jenguk karyawan (tiwi) tgl 10/04/2026,konsumsi jenguk,,"220,000","2,583,020",,,,,
10-Apr-26,8,Bi untuk konsumsi kantor tgl 10/04/2026,konsumsi kantor,,"175,000","2,408,020",,,,,
11-Apr-26,9,Bi pembelian material tgl 10/04/2026- 3pcs kleam 6m @ 6.000,Material,,"18,000","2,390,020",,,,,
11-Apr-26,9,Bi BBM N 2668 GM km 501429  tgl 10/04/2026 ltr 2.0 maintance arjosari,transportasi,,"20,000","2,370,020",,,,,
11-Apr-26,9,Bi BBM M 5687 km 489139 tgl 11/04/2026 ltr 2.5 mangliawan  ,transportasi,,"25,000","2,345,020",,,,,
11-Apr-26,9,Bi untuk konsumsi kantor tgl 11/04/2026,konsumsi kantor,,"110,000","2,235,020",,,,,
13-Apr-26,10,dana Masuk Operasional,dana masuk,2000000,,"4,235,020",,,,,
13-Apr-26,10,Bi BBM N 2113 EFD km 515369 tgl 12/04/2026 ltr 2.0  ,transportasi,,"20,000","4,215,020",,,,,
13-Apr-26,10,"Bi BBM N 3346 ABF km 704880 tgl 12/04/2026 ltr 2.0 maintance suko, lawang,",transportasi,,"20,000","4,195,020",,,,,
13-Apr-26,10,Bi BBM N 1124 IC tgl 13/04/2026 ltr 20.0 ,transportasi,,"200,000","3,995,020",,,,,
13-Apr-26,10,Bi BBM N 2113 EFD km 515364 tgl 13/04/2026 ltr 2.0 maintance tutur ,transportasi,,"20,000","3,975,020",,,,,
13-Apr-26,10,"Bi BBM N 2114 EFD km 40088 tgl 13/04/2026 ltr 1.5 maintance lawang,yonkav ",transportasi,,"15,000","3,960,020",,,,,
13-Apr-26,10,"Bi untuk konsumsi mantaince tarik kabel ODP,ODC Randugembolo tgl 12/04/2026",konsumsi,,"90,000","3,870,020",,,,,
13-Apr-26,10,Bi untuk konsumsi maintance ngadipuro tgl 13/04/2026,konsumsi,,"30,000","3,840,020",,,,,
13-Apr-26,10,Bi untuk pembelian listrik kantor randuagung idpel 513010051348 tgl 13/04/2026              ,Listrik Kantor,,"204,500","3,635,520",,,,,
13-Apr-26,10,Bi pembelian ATK tgl 11/04/2026- 2pcs materai @ 11.700,ATK,,"23,400","3,612,120",,,,,
13-Apr-26,10,Bi pembelian material tgl 13/04/2026- 2pcs philips 12v @ 60.000,Material,,"150,000","3,462,120",,,,,
13-Apr-26,10,Bi pembelian material tgl 13/04/2026- 1pcs isolasi nasional @ 9.000,Material,,"9,000","3,453,120",,,,,
13-Apr-26,10,Bi pembelian material tgl 13/04/2026- 1pcs kleam  6m @ 6.000,Material,,"6,000","3,447,120",,,,,
13-Apr-26,10,Bi pembelian material tgl 13/04/2026- 1pcs htb trondol @ 90.000,Material,,"90,000","3,357,120",,,,,
13-Apr-26,10,Bi untuk jasa tarik BB yonkav tgl 12/04/2026,lain-lain,,50000,"3,307,120",,,,,
13-Apr-26,10,Bi untuk amplop karyawan tiwi tgl 13/06/2026,lain-lain,,1000000,"2,307,120",,,,,
14-Apr-26,11,dana Masuk Operasional,dana masuk,2300000,,"4,607,120",,,,,
14-Apr-26,11,Bi BBM N 2109 EFD tgl 11/04/2026 ltr 1.5 maintance lawang  ,transportasi,,"15,000","4,592,120",,,,,
14-Apr-26,11,"Bi BBM N 2110 EFD km 985621 tgl 09/04/2026 ltr 1.5 maintace randutelu,alamhijau ",transportasi,,15000,"4,577,120",,,,,
14-Apr-26,11,Bi BBM N 6840 GE km 5826321 tgl 14/04/2026 ltr 1.5 tarik bb yonkav,transportasi,,15000,"4,562,120",,,,,
14-Apr-26,11,Bi BBM P 2616 km  83416 tgl 14/04/2026 ltr 1.5 CSR sekolahan lawang,transportasi,,"15,000","4,547,120",,,,,
14-Apr-26,11,Bi BBM N 2114 EFD km 400961 tgl 14/04/2026 ltr 1.0 tarik bb randugembolo,transportasi,,"10,000","4,537,120",,,,,
14-Apr-26,11,Bi BBM N 2113 EFD km 505374 tgl 14/04/2026 ltr 2.0 maintance ngadipuro,transportasi,,"20,000","4,517,120",,,,,
14-Apr-26,11,Bi BBM N 2668 GM km 501409  tgl 14/04/2026 ltr 1.5 tarik bb yonkav,transportasi,,"15,000","4,502,120",,,,,
14-Apr-26,11,Bi BBM N 2109 EFD km 481314 tgl 14/04/2026 ltr 2.0 ,transportasi,,"20,000","4,482,120",,,,,
14-Apr-26,11,Bi BBM N 2114 EFD km 251736 tgl 14/04/2026 ltr 1.0 sinngosari,transportasi,,"10,000","4,472,120",,,,,
14-Apr-26,11,Bi parkir N 2113 EFD Bank Mandiri Singosari tgl 14/04/2026,transportasi,,"2,000","4,470,120",,,,,
14-Apr-26,11,Bi operasional pak bara tgl 14/04/2026,transportasi,,"50,000","4,420,120",,,,,
14-Apr-26,11,Bi untuk konsumsi mantaince tarik kabel yonkav tgl 14/04/2026,konsumsi,,"50,000","4,370,120",,,,,
14-Apr-26,11,"Bi untuk konsumsi mantaince tarik kabel ODP,ODC Randugembolo tgl 14/04/2026",konsumsi,,"20,100","4,350,020",,,,,
14-Apr-26,11,Bi untuk konsumsi kantor tgl 14/04/2026,konsumsi kantor,,"100,000","4,250,020",,,,,
14-Apr-26,11,Bi pembelian ATK tgl 14/04/2026- 1pcs copy paper f4 @ 42.200,ATK,,"42,200","4,207,820",,,,,
14-Apr-26,11,Bi pembelian ATK tgl 14/04/2026- 1pcs copy paper A4 @ 37.199,ATK,,"37,199","4,170,621",,,,,
14-Apr-26,11,Bi pembelian ATK tgl 14/04/2026- 1pcs nota ncr  @ 1.900,ATK,,"1,900","4,168,721",,,,,
14-Apr-26,11,Bi pembelian ATK tgl 14/04/2026- 1pcs binder klip  @ 7.700,ATK,,"7,700","4,161,021",,,,,
14-Apr-26,11,Bi pembelian ATK tgl 14/04/2026- 1pcs binder klip  @ 5.500,ATK,,"5,500","4,155,521",,,,,
14-Apr-26,11,Bi pembelian ATK tgl 14/04/2026- 1pcs paper clip  @ 2.600,ATK,,"2,600","4,152,921",,,,,
14-Apr-26,11,Bi pembelian ATK tgl 14/04/2026- 2pcs nota kiky @ 2.100,ATK,,"4,200","4,148,721",,,,,
14-Apr-26,11,diskon pembelian,diskon,299,,"4,149,020",,,,,
14-Apr-26,11,Bi untuk pembelian rumah tangga tgl 14/04/2026- 1pcs mm lmn @ 14.900,Rumah Tangga,,"14,900","4,134,120",,,,,
14-Apr-26,11,Bi untuk pembelian rumah tangga tgl 14/04/2026- 1pcs sos apple @ 11.200,Rumah Tangga,,"11,200","4,122,920",,,,,
14-Apr-26,11,Bi untuk pembelian rumah tangga tgl 14/04/2026- 2pcs pikkopi aren @ 12.800,Rumah Tangga,,"25,600","4,097,320",,,,,
14-Apr-26,11,Bi untuk pembelian rumah tangga tgl 14/04/2026- 1pcs pikkopi mix@ 11.800,Rumah Tangga,,"11,800","4,085,520",,,,,
14-Apr-26,11,Bi untuk pembelian rumah tangga tgl 14/04/2026- 2pcs lunak mrn@ 10.500,Rumah Tangga,,"21,000","4,064,520",,,,,
14-Apr-26,11,Bi untuk pembelian rumah tangga tgl 14/04/2026- 1pcs kp branding @ 500,Rumah Tangga,,500,"4,064,020",,,,,
14-Apr-26,11,diskon pembelian,diskon,18000,,"4,082,020",,,,,
14-Apr-26,11,Bi untuk pembelian rumah tangga tgl 14/04/2026- 1pcs idm f/t 2ply @ 22.500,Rumah Tangga,,"22,500","4,059,520",,,,,
14-Apr-26,11,diskon pembelian,diskon,2600,,"4,062,120",,,,,
14-Apr-26,11,Bi untuk pembelian pulsa no NOC adimas 081331615537 tgl 14/04/2026,pulsa,,"50,000","4,012,120",,,,,
14-Apr-26,11,Bi untuk pembelian pulsa no NOC verinda 085708874295 tgl 14/04/2026,pulsa,,"50,000","3,962,120",,,,,
14-Apr-26,11,Bi untuk pembelian listrik server sentul idpel513010410557 tgl 14/04/2026,Listrik Server Sentul,,"100,000","3,862,120",,,,,
15-Apr-26,12,Bi BBM N 2668 GM km 401906  tgl 14/04/2026 ltr 1.5 ,transportasi,,"15,000","3,847,120",,,,,
15-Apr-26,12,Bi BBM L 1793 ACP  tgl 15/04/2026 ltr 5.0,transportasi,,"50,000","3,797,120",,,,,
15-Apr-26,12,"Bi BBM N 2109 EFD km 481858 tgl 15/04/2026 ltr 2.0 maintance lawang, bedali,malang",transportasi,,"20,000","3,777,120",,,,,
15-Apr-26,12,Bi BBM N 2760 ABO km 53443 tgl 15/04/2026 ltr 2.0 maintance martopuro,transportasi,,"20,000","3,757,120",,,,,
15-Apr-26,12,Bi BBM N 2668 GM km 501469  tgl 15/04/2026 ltr 1.5 tarik bb yonkav,transportasi,,"15,000","3,742,120",,,,,
15-Apr-26,12,Bi BBM N 2113 EFD  km 505374  tgl 15/04/2026 ltr 1.0 maintance srigading,transportasi,,"10,000","3,732,120",,,,,
15-Apr-26,12,Bi BBM N 6840 GE km 356821 tgl 15/04/2026 ltr 1.5 maintance randutelu,transportasi,,"15,000","3,717,120",,,,,
15-Apr-26,12,Bi BBM N 2418 YBI km 549211 tgl 15/04/2026 ltr 1.5 maintance randugembolo,transportasi,,"15,000","3,702,120",,,,,
15-Apr-26,12,Bi BBM N 1124 IC tgl 15/04/2026 ltr 20.0,transportasi,,"200,000","3,502,120",,,,,
15-Apr-26,12,Bi untuk perawatan  kendaraan service L 1793 ACP tgl 15/04/2026,perawatan kendaraan ,,"150,000","3,352,120",,,,,
15-Apr-26,12,Bi untuk perawatan  laptor kantor service  tgl 15/04/2026,perawatan aset kantor,,407000,"2,945,120",,,,,
15-Apr-26,12,Bi pembelian material tgl 15/04/2026- 2pcs ODP 8 core @ 90.000,Material,,"180,000","2,765,120",,,,,
15-Apr-26,12,Bi pembelian material tgl 15/04/2026- 2pcs spliter box @ 50.000,Material,,"100,000","2,665,120",,,,,
15-Apr-26,12,"Bi untuk konsumsi mantaince tarik kabel ODP,ODC Randugembolo tgl 15/04/2026",konsumsi,,"20,000","2,645,120",,,,,
15-Apr-26,12,Bi untuk konsumsi CSR sekolahan lawang tgl 13/04/2026,konsumsi,,"20,000","2,625,120",,,,,
15-Apr-26,12,Bi untuk konsumsi CSR sekolahan lawang tgl 14/04/2026,konsumsi,,"20,000","2,605,120",,,,,
16-April,13,dana Masuk Operasional,dana masuk,2000000,,"4,605,120",,,,,
16-April,13,Bi untuk konsumsi kantor tgl 16/04/2026,konsumsi kantor,,"190,000","4,415,120",,,,,
16-April,13,Bi BBM N 2110 EFD km 437828 tgl 16/04/2026 ltr 1.5 pelurusan kabel odc randuagung,transportasi,,"15,000","4,400,120",,,,,
16-April,13,Bi BBM P 2616 UC km 83116 tgl 16/04/2026 ltr 1.5 maintance randugembolo,transportasi,,"15,000","4,385,120",,,,,
16-April,13,"Bi BBM N 3346 ABF km 707218 tgl 16/04/2026 ltr 2.0 maintance rest area,karangploso",transportasi,,"20,000","4,365,120",,,,,
16-April,13,Bi parkir N 2113 EFD Bank Mandiri Singosari tgl 16/04/2026,transportasi,,"2,000","4,363,120",,,,,
16-April,13,Bi untuk pembelian listrik server randuagung idpel 5130010486945 tgl 16/04/2026  ,Listrik Server,,"55,000","4,308,120",,,,,
16-April,13,Bi untuk konsumsi liburan bali tgl 16/04/2026,konsumsi,,"163,000","4,145,120",,,,,
16-April,13,"Bi untuk konsumsi maintance martopuro,yoonkav tgl 16/04/2026",konsumsi,,"5,000","4,140,120",,,,,
16-April,13,Bi pembelian ATK tgl 16/04/2026- 3pcs isi label tape  @ 31.000,ATK,,"84,210","4,055,910",,,,,
16-April,13,Bi untuk sumbangan DIF kostrad tgl 16/04/2026,lain-lain,,"150,000","3,905,910",,,,,
17-April,14,Bi BBM N 2113 EFD km 517797 tgl 17/04/2026 ltr 2.0 randuagung,transportasi,,"20,000","3,885,910",,,,,
17-April,14,"Bi BBM N 21109 EFD km 484710 tgl 17/04/2026 ltr 2.0 maintance losari,song-song",transportasi,,"20,000","3,865,910",,,,,
17-April,14,"Bi BBM N 2760 ABO km 53616 tgl 17/04/2026 ltr 2.5 maintance martopuro,yonkav",transportasi,,"25,000","3,840,910",,,,,
17-April,14,Bi untuk perawatan  kendaraan service N 2113 EFD tgl 17/04/2026,perawatan kendaraan ,,"15,000","3,825,910",,,,,
17-April,14,Bi untuk konsumsi kantor tgl 17/04/2026,konsumsi kantor,,"105,000","3,720,910",,,,,
17-April,14,Bi untuk pak kluntung tgl 17/04/2026,lain-lain,,"50,000","3,670,910",,,,,
18-April,15,Bi untuk pembelian listrik kantor randuagung idpel 513010051348 tgl 18/04/2026              ,Listrik Kantor,,"52,000","3,618,910",,,,,
18-April,15,Bi untuk pembelian listrik kantor randuagung idpel 513010051348 tgl 18/04/2026              ,Listrik Kantor,,"104,000","3,514,910",,,,,
18-April,15,Bi untuk konsumsi kantor tgl 18/04/2026,konsumsi kantor,,80000,"3,434,910",,,,,
21-April,16,dana Masuk Operasional,dana masuk,2500000,,"5,934,910",,,,,
21-April,16,Bi untuk konsumsi kantor tgl 19/04/2026,konsumsi kantor,,60000,"5,874,910",,,,,
21-April,16,Bi untuk konsumsi kantor tgl 20/04/2026,konsumsi kantor,,34000,"5,840,910",,,,,
21-April,16,Bi untuk konsumsi kantor tgl 21/04/2026,konsumsi kantor,,100000,"5,740,910",,,,,
21-April,16,Bi untuk konsumsi CSR sekolah lawang tgl 21/04/2026,konsumsi,,10000,"5,730,910",,,,,
21-April,16,Bi BBM L 1793 ACP tgl 20/04/2026 ltr 15.0 ,transportasi,,150000,"5,580,910",,,,,
21-April,16,"Bi BBM N 2114 EFD km 566721 tgl 21/04/2026 ltr 1.5 maintance lawang,bedali",transportasi,,15000,"5,565,910",,,,,
21-April,16,Bi pembelian material tgl  20/04/2026- 1pcs solasi national @ 7.500,Material,,7500,"5,558,410",,,,,
21-April,16,Bi pembelian material tgl  20/04/2026- 1pcs idm sltp bng2s @ 5.000,Material,,5000,"5,553,410",,,,,
21-April,16,Bi pembelian material tgl  21/04/2026- 1pcs hit spray @ 13.000,Material,,13000,"5,540,410",,,,,
21-April,16,Bi pembelian material tgl  21/04/2026- 1pcs isolasi nasional @ 9.000,Material,,9000,"5,531,410",,,,,
21-April,16,Bi pembelian material tgl  21/04/2026- 1pcs kabel tis @ 9.500,Material,,9500,"5,521,910",,,,,
21-April,16,Bi pembelian material tgl  21/04/2026- 1pcs solasi @ 13.500,Material,,13500,"5,508,410",,,,,
21-April,16,Bi pembelian material tgl  21/04/2026- 1pcs modem f663nv9+adap @ 125.000,Material,,125000,"5,383,410",,,,,
21-April,16,Bi pembelian ATK tgl 21/04/2026- 10pcs materai @ 10.000,ATK,,100000,"5,283,410",,,,,
22-April,17,Bi untuk konsumsi kantor tgl 22/04/2026,konsumsi kantor,,175000,"5,108,410",,,,,
22-April,17,Bi untuk konsumsi rapat noc dan teknisi tgl 22/04/2026,konsumsi,,150000,"4,958,410",,,,,
22-April,17,Bi untuk konsumsi taging tiang mangliawan tgl 22/04/2026,konsumsi,,50000,"4,908,410",,,,,
22-April,17,Bi untuk konsumsi  mangliawan tgl 22/04/2026,konsumsi,,10500,"4,897,910",,,,,
22-April,17,Bi BBM N 1124 IC tgl 22/04/2026 ltr 15.0 ,transportasi,,150000,"4,747,910",,,,,
22-April,17,Bi BBM N 1124 IC tgl 22/04/2026 ltr 10.0,transportasi,,100000,"4,647,910",,,,,
22-April,17,Bi BBM M 3639 AI km 43221 tgl 22/04/2026 ltr 2.0 taging pelanggan mangliawan,transportasi,,20000,"4,627,910",,,,,
22-April,17,Bi BBM N2113 EFD km 205354 tgl 22/04/2026 ltr 2.0 taging tiang mangliawan,transportasi,,20000,"4,607,910",,,,,
22-April,17,"Bi BBM N 3346 ABF km 708851 tgl 22/04/2026 ltr 2.0 maintance rest area,karangploso",transportasi,,20000,"4,587,910",,,,,
22-April,17,Bi BBM P 2616 km 81924 tgl 22/04/2026 ltr 1.0 CSR sekolah lawang,transportasi,,10000,"4,577,910",,,,,
22-April,17,Bi untuk perawatan  kendaraan cuci N 1124 IC tgl 22/04/2026,perawatan kendaraan ,,45000,"4,532,910",,,,,
22-April,17,Bi untuk operasional ke surabaya bu april dan hawin tgl 22/04/2026,lain-lain,,100000,"4,432,910",,,,,
22-April,17,Bi untuk pembelian listrik kantor randuagung idpel 513010051348 tgl 20/04/2026              ,Listrik Kantor,,103000,"4,329,910",,,,,
22-April,17,Bi untuk pembelian listrik kantor randuagung idpel 513010051348 tgl 22/04/2026,Listrik Kantor,,53000,"4,276,910",,,,,
22-April,17,Bi pembelian ATK tgl 21/04/2026- 2pcs materai @ 11.700,ATK,,23400,"4,253,510",,,,,
22-April,17,Bi untuk pembelian rumah tangga tgl 22/04/2026- 1pcs idm kamper @ 14.900,Rumah Tangga,,14900,"4,238,610",,,,,
22-April,17,diskon pembelian,diskon,3000,,"4,241,610",,,,,
22-April,17,Bi pembelian material tgl  22/04/2026- 1pcs pilox putih @ 46.000,Material,,46000,"4,195,610",,,,,
23-April,18,dana Masuk Operasional,dana masuk,2000000,,"6,195,610",,,,,
23-April,18,"Bi BBM N 2668 GM km 504279 tgl 23/04/2026 ltr 1.5 maintance rest area,karangploso",transportasi,,15000,"6,180,610",,,,,
23-April,18,Bi BBM N 2113 EFD km 42995 tgl 23/04/2026 ltr 2.0 maintance ngadipuro,transportasi,,20000,"6,160,610",,,,,
23-April,18,Bi BBM N 2109 EFD km 689482 tgl 23/04/2026 ltr 1.0 odp randuagung,transportasi,,10000,"6,150,610",,,,,
23-April,18,Bi BBM N 2114 EFD km 684323 tgl 23/04/2026 ltr 1.5 odp randutelu,transportasi,,15000,"6,135,610",,,,,
23-April,18,Bi BBM N 3346 ABF km 709345 tgl 23/04/2026 ltr 1.0 odp kunci,transportasi,,12000,"6,123,610",,,,,
23-April,18,Bi BBM N 2668 GM km 901509 tgl 23/04/2026 ltr 1.0 odp kunci,transportasi,,12000,"6,111,610",,,,,
23-April,18,Bi pembelian ATK tgl 23/04/2026- 3pcs map clear kiky @ 24.850,ATK,,74550,"6,037,060",,,,,
23-April,18,Bi pembelian ATK tgl 23/04/2026- 1pcs amplop ppl @ 18.100,ATK,,18100,"6,018,960",,,,,
23-April,18,diskon pembelian,diskon,2950,,"6,021,910",,,,,
23-April,18,Bi untuk pembelian rumah tangga tgl 23/04/2026- 1pcs idm f/t 2ply @ 22.500,Rumah Tangga,,22500,"5,999,410",,,,,
23-April,18,Bi untuk pembelian rumah tangga tgl 23/04/2026- 2pcs pikkopi aren @ 12.900,Rumah Tangga,,25800,"5,973,610",,,,,
23-April,18,Bi untuk pembelian rumah tangga tgl 23/04/2026- 2pcs lwk kopi murni @ 10.500,Rumah Tangga,,21000,"5,952,610",,,,,
23-April,18,Bi untuk pembelian rumah tangga tgl 23/04/2026- 1pcs neo/cf mchno @ 10.900,Rumah Tangga,,10900,"5,941,710",,,,,
23-April,18,Bi untuk pembelian rumah tangga tgl 23/04/2026- 1pcs idm ktg plstk@ 300,Rumah Tangga,,300,"5,941,410",,,,,
23-April,18,diskon pembelian,diskon,,-3600,"5,945,010",,,,,
23-April,18,Bi pembelian material tgl  23/04/2026- 1pcs 2F4E PCB @ 68.000,Material,,68000,"5,877,010",,,,,
23-April,18,Bi pembelian material tgl  23/04/2026- 1pcs adaptor @ 15.000,Material,,15000,"5,862,010",,,,,
23-April,18,Bi untuk operasional pak bara bb yonkav tgl 23/04/2026,lain-lain,,100000,"5,762,010",,,,,
23-April,18,Bi untuk konsumsi  maintance ngadipuro tgl 23/04/2026,konsumsi,,7000,"5,755,010",,,,,
23-April,18,Bi untuk konsumsi  BB ODP randuagung tgl 23/04/2026,sangu,,18000,"5,737,010",,,,,
23-April,18,Bi untuk konsumsi  BB ODP karangkunci tgl 23/04/2026,sangu,,50000,"5,687,010",,,,,
23-April,18,Bi untuk konsumsi  BB ODP randutelu tgl 23/04/2026,sangu,,50000,"5,637,010",,,,,
23-April,18,Bi untuk pembelian listrik kantor randuagung idpel 513010051348 tgl 23/04/2026              ,Listrik Kantor,,103000,"5,534,010",,,,,
24-April,19,Bi pembelian material tgl  24/04/2026- 3pcs alkes @ 30.000,Material,,90000,"5,444,010",,,,,
24-April,19,Bi pembelian material tgl  24/04/2026- 1pcs spidol @ 5.000,Material,,5000,"5,439,010",,,,,
24-April,19,Bi pembelian material tgl  24/04/2026- 1pcs k.gosok @ 8.000,Material,,8000,"5,431,010",,,,,
24-April,19,Bi pembelian material tgl  24/04/2026- 1pcs slitter @ 40.000,Material,,40000,"5,391,010",,,,,
24-April,19,Bi pembelian material tgl  24/04/2026- 1pcs spliter box @ 200.000,Material,,200000,"5,191,010",,,,,
24-April,19,Bi untuk pembelian rumah tangga tgl 24/04/2026- 1pcskresek besar @ 25.000,Rumah Tangga,,25000,"5,166,010",,,,,
24-April,19,Bi untuk pembelian rumah tangga tgl 24/04/2026- 1pcs minyak tropical@ 47.100,Rumah Tangga,,47100,"5,118,910",,,,,
24-April,19,Bi untuk pembelian rumah tangga tgl 24/04/2026- 1pcs kp branding @ 5.00,Rumah Tangga,,500,"5,118,410",,,,,
24-April,19,diskon pembelian,diskon,2200,,"5,120,610",,,,,
24-April,19,Bi BBM N 3457 ABF km 4873 tgl 24/04/2026 ltr 2.0 karanglo,transportasi,,20000,"5,100,610",,,,,
24-April,19,Bi BBM N 2109  km 442209 tgl 24/04/2026 ltr 1.5 maintance gondang,transportasi,,15000,"5,085,610",,,,,
24-April,19,Bi BBM N 3346 ABF km 709281 tgl 24/04/2026 ltr 1.5 ODP karangkunci,transportasi,,15000,"5,070,610",,,,,
24-April,19,Bi BBM L 1793 ACP  tgl 24/04/2026 ltr 10.0 ,transportasi,,100000,"4,970,610",,,,,
24-April,19,Bi BBM N 2114 EFD km 2011372 tgl 24/04/2026 ltr 1.5 ODP randutelu,transportasi,,15000,"4,955,610",,,,,
24-April,19,Bi BBM N 2113 EFD km 496747 tgl 24/04/2026 ltr 1.0 ODP yonkav,transportasi,,10000,"4,945,610",,,,,
24-April,19,Bi BBM P 2616 km 8316 tgl 24/04/2026 ltr 1.0 singosari,transportasi,,10000,"4,935,610",,,,,
24-April,19,Bi parkir P 2616 UC Bank Mandiri Singosari tgl 24/04/2026,transportasi,,"2,000","4,933,610",,,,,
24-April,19,Bi untuk konsumsi  BB ODP karangkunci tgl 24/04/2026,sangu,,50000,"4,883,610",,,,,
24-April,19,Bi untuk konsumsi  BB ODP randutelu tgl 24/04/2026,sangu,,50000,"4,833,610",,,,,
24-April,19,Bi untuk konsumsi  BB ODP yonkavtgl 24/04/2026,sangu,,50000,"4,783,610",,,,,
24-April,19,Bi untuk ongkir kabel (turen) tgl 24/04/2026,lain-lain,,180500,"4,603,110",,,,,
25-April,20,dana Masuk Operasional,dana masuk,1500000,,"6,103,110",,,,,
25-April,20,Bi untuk pembelian rumah tangga tgl 25/04/2026- 1pcs idm kmpr deo @ 21.500,Rumah Tangga,,21500,"6,081,610",,,,,
25-April,20,Bi untuk pembelian listrik kantor randuagung idpel 513010051348 tgl 25/04/2026,Listrik Kantor,,204000,"5,877,610",,,,,
25-April,20,Bi pembelian material tgl  25/04/2026- 1pcs baygon flo @ 21.200,Material,,21200,"5,856,410",,,,,
25-April,20,Bi pembelian material tgl  25/04/2026- 1pcs kp branding @ 200,Material,,200,"5,856,210",,,,,
25-April,20,Bi untuk perawatan  kendaraan tambal ban N 2668 GM tgl 25/04/2026,perawatan kendaraan ,,20000,"5,836,210",,,,,
25-April,20,Bi BBM N 2110 EFD km 442301 tgl 25/04/2026 ltr 1.5 ODP yonkav,transportasi,,15000,"5,821,210",,,,,
25-April,20,"Bi BBM N 2113 EFD km 43874 tgl 25/04/2026 ltr 2.5 maintance comboran,bedali,songsong",transportasi,,25000,"5,796,210",,,,,
25-April,20,Bi BBM N 6840 GE km 9868721  tgl 25/04/2026 ltr 1.5 odp randutelu,transportasi,,15000,"5,781,210",,,,,
25-April,20,Bi BBM N 2109 EFD tgl 25/04/2026 ltr 1.0 odp randutelu,transportasi,,12000,"5,769,210",,,,,
25-April,20,Bi BBM N 3346 ABF km 701051 tgl 25/04/2026 ltr 1.5 odp randuagung,transportasi,,15000,"5,754,210",,,,,
25-April,20,Bi BBM M 5687 CP km 491405 tgl 25/04/2026 ltr 1.0 karangkunci,transportasi,,10000,"5,744,210",,,,,
25-April,20,"Bi BBM M 3639 AI km 43281 tgl 25/04/2026 ltr 2.0 maintance comboran, karang kunci",transportasi,,20000,"5,724,210",,,,,
25-April,20,Bi untuk pembayaran tagihan FIF no. 851000267723 angsr ke-29 tgl 25/04/2026,Cicilan Motor,,792000,"4,932,210",,,,,
25-April,20,Bi untuk konsumsi  maintance comboran tgl 25/04/2026,konsumsi,,20000,"4,912,210",,,,,
25-April,20,Bi untuk konsumsi kantor tgl 25/04/2026,konsumsi kantor,,100000,"4,812,210",,,,,
25-April,20,Bi untuk konsumsi  BB ODP randutelu tgl 25/04/2026,sangu,,50000,"4,762,210",,,,,
25-April,20,Bi untuk konsumsi  BB ODP randuagung tgl 25/04/2026,sangu,,50000,"4,712,210",,,,,
25-April,20,Bi untuk konsumsi  BB ODP yonkav tgl 25/04/2026,sangu,,50000,"4,662,210",,,,,
27-April,21,dana Masuk Operasional,dana masuk,2000000,,"6,662,210",,,,,
27-April,21,Bi BBM P 2616 UC km 8316 tgl 26/04/2026 ltr 2.0  CSR sekolahan blimbing,transportasi,,20000,"6,642,210",,,,,
27-April,21,Bi BBM N 2668 GM km 501408 tgl 27/04/2026 ltr 2.0 karangkunci,transportasi,,20000,"6,622,210",,,,,
27-April,21,Bi BBM N 2114 EFD  tgl 27/04/2026 ltr 1.0 ,transportasi,,10000,"6,612,210",,,,,
27-April,21,"Bi BBM N 2760 ABO km53776 tgl 27/04/2026 ltr 2.0 maintance gondang,losari",transportasi,,20000,"6,592,210",,,,,
27-April,21,Bi BBM N 3346 ABF km 711051 tgl 27/04/2026 ltr 1.0 odp randuagung,transportasi,,10000,"6,582,210",,,,,
27-April,21,Bi BBM N 6840 GE km 9763762 tgl 27/04/2026 ltr 1.0 odp randuagung,transportasi,,10000,"6,572,210",,,,,
27-April,21,"Bi BBM N 2113 EFD km 525313 tgl 27/04/2026 ltr 2.5 maintance songsong,bedali,bumiayu",transportasi,,25000,"6,547,210",,,,,
27-April,21,Bi parkir N 2113 EFD Bank Mandiri Singosari tgl 27/04/2026,transportasi,,2000,"6,545,210",,,,,
27-April,21,Bi untuk pembelian rumah tangga tgl 27/04/2026- 1pcs kresek besar@ 30.000,Rumah Tangga,,30000,"6,515,210",,,,,
27-April,21,Bi untuk pembelian rumah tangga tgl 27/04/2026- 1pcs idm ktg plstk@ 300,Rumah Tangga,,300,"6,514,910",,,,,
27-April,21,Bi untuk pembelian rumah tangga tgl 27/04/2026- 2pcs lwk kopi murni@ 10.500,Rumah Tangga,,21000,"6,493,910",,,,,
27-April,21,Bi untuk pembelian rumah tangga tgl 27/04/2026- 1pcs  rose b gula@ 17.500,Rumah Tangga,,17500,"6,476,410",,,,,
27-April,21,Bi untuk pembelian rumah tangga tgl 27/04/2026- 3pcs neo cf mchno @ 10.900,Rumah Tangga,,32700,"6,443,710",,,,,
27-April,21,Bi untuk pembelian rumah tangga tgl 27/04/2026- 1pcs neo crml @ 10.800,Rumah Tangga,,10800,"6,432,910",,,,,
27-April,21,diskon pembelian ,diskon,4000,,"6,436,910",,,,,
27-April,21,Bi untuk pembayaran tagihan FIF no. 851000267823 angsr ke-29 tgl 27/04/2026,Cicilan Motor,,799000,"5,637,910",,,,,
27-April,21,Bi untuk konsumsi kantor tgl 27/04/2026,konsumsi kantor,,110000,"5,527,910",,,,,
27-April,21,Bi untuk konsumsi CSR sekolahan blimbing tgl 26/04/2026,konsumsi,,15000,"5,512,910",,,,,
27-April,21,Bi untuk konsumsi  BB ODP randuagung pic ridwan tgl 27/04/2026,sangu,,50000,"5,462,910",,,,,
27-April,21,Bi untuk konsumsi  BB ODP randuagung pic tyo tgl 27/04/2026,sangu,,50000,"5,412,910",,,,,
27-April,21,Bi untuk konsumsi  BB ODP randuagung pic dafa tgl 27/04/2026,sangu,,50000,"5,362,910",,,,,
27-April,21,Bi untuk konsumsi  BB ODP randuagung pic rafli tgl 27/04/2026,sangu,,50000,"5,312,910",,,,,
27-April,21,Bi pembelian material tgl  27/04/2026- 1pcs charger adaptor splicer@ 523.000,Material,,523000,"4,789,910",,,,,
28-April,22,dana Masuk Operasional,dana masuk,4000000,,"8,789,910",,,,,
28-April,22,Bi untuk pembelian listrik kantor randuagung idpel 513010051348 tgl 28/04/2026,Listrik Kantor,,204000,"8,585,910",,,,,
28-April,22,Bi untuk konsumsi kantor tgl 28/04/2026,konsumsi kantor,,100000,"8,485,910",,,,,
28-April,22,Bi untuk konsumsi maintance ngadipuro tgl 28/04/2026,konsumsi,,10000,"8,475,910",,,,,
28-April,22,Bi untuk konsumsi  BB ODP randuagung pic dafa tgl 28/04/2026,sangu,,50000,"8,425,910",,,,,
28-April,22,Bi untuk konsumsi  BB ODP randuagung pic rafli tgl 28/04/2026,sangu,,50000,"8,375,910",,,,,
28-April,22,Bi untuk konsumsi  BB ODP randuagung pic ridwan tgl 28/04/2026,sangu,,50000,"8,325,910",,,,,
28-April,22,Bi untuk konsumsi  BB ODP randuagung pic tyo tgl 28/04/2026,sangu,,50000,"8,275,910",,,,,
28-April,22,Bi untuk konsumsi csr sekolahan blimbing tgl 28/04/2026,konsumsi,,10000,"8,265,910",,,,,
28-April,22,Bi BBM L 1793 ACP  tgl 23/04/2026 ltr 10.0  gadang,transportasi,,100000,"8,165,910",,,,,
28-April,22,Bi BBM L 1793 ACP  tgl 28/04/2026 ltr 15.0  csr sidoarjo,transportasi,,150000,"8,015,910",,,,,
28-April,22,Bi BBM N 2109 EFD km 491239  tgl 28/04/2026 ltr 1.5 odp randuagung rw5,transportasi,,15000,"8,000,910",,,,,
28-April,22,Bi BBM N 2114 EFD km 732625 tgl 28/04/2026 ltr 1.5 odp randuagung ,transportasi,,15000,"7,985,910",,,,,
28-April,22,Bi BBM P 2616 UC  km 8316 tgl 28/04/2026 ltr 2.0 csr sekolahan blimbing,transportasi,,20000,"7,965,910",,,,,
28-April,22,Bi BBM M 5687 CP km 492413 tgl 28/04/2026 ltr 2.0 odp randuagung ,transportasi,,20000,"7,945,910",,,,,
28-April,22,Bi BBM N 2418 YBI  tgl 28/04/2026 ltr 1.0 odp randuagung ,transportasi,,10000,"7,935,910",,,,,
28-April,22,"Bi BBM N 3457 ABF km 553201 tgl 28/04/2026 ltr 1.0 Singosari, odp randuagung",transportasi,,10000,"7,925,910",,,,,
28-April,22,Bi BBM N 3346 ABF km 711203 tgl 28/04/2026 ltr 1.5  odp randuagung,transportasi,,15000,"7,910,910",,,,,
28-April,22,Bi parkir N 3457 ABF Bank Mandiri Singosari tgl 28/04/2026,transportasi,,2000,"7,908,910",,,,,
28-April,22,Bi parkir N 3457 ABF Dian Stationary Singosari tgl 28/04/2026,transportasi,,2000,"7,906,910",,,,,
28-April,22,Bi pembelian ATK tgl 28/04/2026- 10pcs id card sqeezy @ 1.300,ATK,,13000,"7,893,910",,,,,
28-April,22,Bi pembelian ATK tgl 28/04/2026- 10pcs tali kait jepit @ 1.000,ATK,,10000,"7,883,910",,,,,
28-April,22,Bi pembelian ATK tgl 28/04/2026- 7pcs id card skynet @ 7.500,ATK,,54500,"7,829,410",,,,,
28-April,22,Bi pembelian ATK tgl 28/04/2026- 1pcs casing hp cs @ 12.000,ATK,,12000,"7,817,410",,,,,
28-April,22,Bi untuk perawatan  kendaraan service pak agus krian tgl 28/04/2026,perawatan kendaraan ,,326000,"7,491,410",,,,,
28-April,22,Bi untuk pembayaran tagihan FIF no. 851000265523 angsr ke-29 tgl 28/04/2026,Cicilan Motor,,803000,"6,688,410",,,,,
28-April,22,Bi untuk pembayaran etol 6013500803233528 tgl 28/04/2026 csr sidoarjo,etol,,150000,"6,538,410",,,,,
28-April,22,Bi untuk pembelian listrik server lawang idpel 513010031061 tgl 28/04/2026              ,Listrik server lawang,,200000,"6,338,410",,,,,
29-April,23,dana Masuk Operasional,dana masuk,2000000,,"8,338,410",,,,,
29-April,23,Bi BBM N 2109 EFD km 491945  tgl 29/04/2026 ltr 1.5 odp randuagung ,transportasi,,15000,"8,323,410",,,,,
29-April,23,Bi BBM N 2114 EFD km 404724 tgl 29/04/2026 ltr 1.5 maintance ngadipuro,transportasi,,15000,"8,308,410",,,,,
29-April,23,Bi BBM N 3457 ABF km 553324 tgl 29/04/2026 ltr 1.0 Singosari,transportasi,,10000,"8,298,410",,,,,
29-April,23,"Bi BBM N 2668GM km 602170 tgl 29/04/2026 ltr 2.0 maintance comboran,odp randuagung",transportasi,,20000,"8,278,410",,,,,
29-April,23,"Bi BBM N 4438 EE km 45281 tgl 29/04/2026 ltr 1.5 maintanice bedali,arjosari",transportasi,,15000,"8,263,410",,,,,
29-April,23,Bi BBM P 2616 UC km 8316 tgl 29/04/2026 ltr 1.5 csr sekolahan blimbing,transportasi,,20000,"8,243,410",,,,,
29-April,23,Bi BBM N 3346 ABF km 711601 tgl 29/04/2026 ltr 1.0 ODP randuagung,transportasi,,10000,"8,233,410",,,,,
29-April,23,Bi BBM N 2668 GM km 602149 tgl 29/04/2026 ltr 0.8 ODP karangkunci,transportasi,,8180,"8,225,230",,,,,
29-April,23,Bi BBM N 6840 GE km 9236321 tgl 29/04/2026 ltr 1.5 ODP randuagung,transportasi,,15000,"8,210,230",,,,,
29-April,23,Bi parkir N 3457 ABF Bank Mandiri Singosari tgl 29/04/2026,transportasi,,2000,"8,208,230",,,,,
29-April,23,Bi pembelian material tgl  29/04/2026- closure @ 450.000,Material,,450000,"7,758,230",,,,,
29-April,23,Bi untuk pembayaran pajak bangunan kantor tgl 29/04/2026,lain-lain,,104000,"7,654,230",,,,,
29-April,23,Bi pembelian ATK tgl 29/04/2026- 20pcs kertas sertif @ 1.250,ATK,,25000,"7,629,230",,,,,
29-April,23,Bi untuk konsumsi  BB ODP randuagung pic dafa tgl 29/04/2026,sangu,,50000,"7,579,230",,,,,
29-April,23,Bi untuk konsumsi  BB ODP randuagung pic rafli tgl 29/04/2026,sangu,,50000,"7,529,230",,,,,
29-April,23,Bi untuk konsumsi  BB ODP randuagung pic ridwan tgl 29/04/2026,sangu,,50000,"7,479,230",,,,,
29-April,23,Bi untuk konsumsi  BB ODP randuagung pic tyo tgl 29/04/2026,sangu,,50000,"7,429,230",,,,,
29-April,23,Bi untuk konsumsi csr sekolahan blimbing tgl 29/04/2026,konsumsi,,15000,"7,414,230",,,,,
29-April,23,Bi untuk konsumsi kantor tgl 29/04/2026,konsumsi kantor,,120000,"7,294,230",,,,,
29-April,23,Bi untuk pembelian listrik server randuagung idpel 5130010486945 tgl 29/04/2026,Listrik Server,,152000,"7,142,230",,,,,
30-April,24,dana Masuk Operasional,dana masuk,226000,,"7,368,230",,,,,
30-April,24,dana Masuk Operasional,dana masuk,2000000,,"9,368,230",,,,,
30-April,24,Bi BBM M 3639 AI  km 488931 tgl  28/04/2026 ltr 2.0 maintance tutur,transportasi,,20000,"9,348,230",,,,,
30-April,24,Bi BBM N 2109 EFD km 492955 tgl 30/04/2026 ltr 2.0 ,transportasi,,20000,"9,328,230",,,,,
30-April,24,Bi BBM L 1793 ACP  tgl 30/04/2026 ltr 10.0  ,transportasi,,100000,"9,228,230",,,,,
30-April,24,Bi BBM N 3346 ABF km 711701  tgl 30/04/2026 ltr 2.0 ODP randuagung,transportasi,,20000,"9,208,230",,,,,
30-April,24,Bi BBM N 2760 ABO km 54123 tgl 30/04/2026 ltr 1.5 maintance randuagung,transportasi,,15000,"9,193,230",,,,,
30-April,24,Bi BBM N 2113 EFD km 43221 tgl 30/04/2026 ltr 2.0 taging tiang lawang,transportasi,,20000,"9,173,230",,,,,
30-April,24,Bi untuk perawatan  kendaraan service L 1793 ACP tgl 30/04/2026,perawatan kendaraan ,,300000,"8,873,230",,,,,
30-April,24,Bi untuk konsumsi kantor tgl  30/04/2026,konsumsi kantor,,121000,"8,752,230",,,,,
30-April,24,Bi untuk konsumsi csr sekolah blimbing tgl  29/04/2026,konsumsi,,15000,"8,737,230",,,,,
30-April,24,Bi untuk konsumsi csr sekolah blimbing tgl  30/04/2026,konsumsi,,15000,"8,722,230",,,,,
30-April,24,Bi untuk konsumsi taging tiang lawang tgl  30/04/2026,konsumsi,,14500,"8,707,730",,,,,
30-April,24,Bi untuk konsumsi  BB ODP randuagung pic ridwan tgl 30/04/2026,sangu,,50000,"8,657,730",,,,,
30-April,24,Bi untuk konsumsi  BB ODP randuagung pic dafa tgl 30/04/2026,sangu,,50000,"8,607,730",,,,,
30-April,24,Bi untuk konsumsi  BB ODP randuagung pic rafli tgl 30/04/2026,sangu,,50000,"8,557,730",,,,,
30-April,24,Bi untuk perawatan  kendaraan service isi nitrogen L 1793 ACP tgl 30/04/2026,perawatan kendaraan ,,40000,"8,517,730",,,,,
30-April,24,Bi pembelian material tgl  30/04/2026- 10pcs kabel poe @ 9.300,Material,,91000,"8,426,730",,,,,
30-April,24,Bi untuk ongkir kabel tgl 30/04/2026,lain-lain,,180500,"8,246,230",,,,,
30-April,24,Bi untuk peneluaran pak budi tgl 30/04/2026,lain-lain,,280000,"7,966,230",,,,,
,,,,"31,986,499","24,020,269","7,966,230",,,,,
,,,,,,,,,,,
,,,,,,,,,,,
,,RINCIAN KAS BON,,,,,,,,,
Tanggal,No.Bukti,,,,,,,,,,
,,,,,,,,,,,
1-Apr-26,,bensin noval  tgl 31,,,"50,000",,,,,,
,,cod bu april tas,,,"26,000",,,,,,
,,es adiva,,,"2,000",,,,,,
,,cod pt     tgl 1 50,,,"57,000",,,,,,
2-Apr-26,,cod pak budi buku,,,"123,000",,,,,,
,,cod pak budi,,,"110,000",,,,,,
,,ibu beli sabun,,,"5,000",,,,,,
3-Apr-26,,ROKOK PAK BUDI,,,"24,000",,,,,,
,,ROKOK PAK BUDI,,,"23,500",,,,,,
4-Apr-26,,avis cod,,,"65,000",,,,,,
,,noval ,,,"50,000",,,,,,
,,bensin wuling lagi ,,,"100,000",,,,,,
05-aprl,,bowo bu april,,,"200,000",,,,,,
06-April,,beli lampu ,,,"50,000",,,,,,
,,cod pak budi,,,"53,000",,,,,,
,,BERAS,,,"30,000",,,,,,
07-maret,,rokok PAK BUDI,,,"47,000",,,,,,
,,pak budi beli bakso puskesmas,,,"15,000",,,,,,
8-Apr-26,,rokok PAK BUDI,,,"47,000",,,,,,
,,cod pak budi one set,,,"115,000",,,,,,
9-April,,pak budi,,,"50,000",,,,,,
,,cod nia untuk wisuda novel,,,"42,500",,,,,,
,,mas baim kas bone,,,"50,000",,,,,,
,,gofood pak budi,,,"79,000",,,,,,
10-Apr-26,,rokok pak bara tgl8,,,"26,000",,,,,,
,,COD PAK BUDI SPION,,,"458,000",,,,,,
11-Apr-26,,pak budi bensin,,,"250,000",,,,,,
13-Apr-26,,cod pak budi lampu mobil,,,"45,000",,,,,,
14-Apr-26,,pak budi mie,,,"15,000",,,,,,
,,pak budi minta,,,"100,000",,,,,,
15-Apr-26,,pak budi rokok,,,"23,500",,,,,,
,,gas rokok pak budi,,,"43,500",,,,,,
,,cod noval,,,"110,000",,,,,,
16-Apr-26,,ROKOK PAK BUDI,,,"47,000",,,,,,
,,cod nia,,,"16,000",,,,,,
21-Apr-26,,bensin noval,,,"20,000",,,,,,
,,cod bpk budi pengawet buah kering apricot,,,"139,000",,,,,,
,,cod pak budi,,,"286,000",,,,,,
,,beli rokok bapak budi 2 pak,,,"48,000",,,,,,
,,beli telur,,,"20,000",,,,,,
22-Apr-26,,rokok PAK BUDI,,,"47,000",,,,,,
,,cod noval charging usb,,,"107,000",,,,,,
23-Apr-26,,kasbone baim,,,"200,000",,,,,,
,,rokok pak budi,,,"47,000",,,,,,
24-Apr-26,,kasbone ridwan,,,"250,000",,,,,,
,,bu april bensin evalia,,,"50,000",,,,,,
25-Apr-26,,BERAS ,,,"375,000",,,,,,
,,rokok bapak budi,,,"47,800",,,,,,
,,gojek vanes bu april,,,"7,000",,,,,,
27-Apr-26,,ridwan kasbone,,,"100,000",,,,,,
,,bensin bu april,,,"10,000",,,,,,
,,bu april,,,"10,000",,,,,,
,,rokok pak budi,,,"47,800",,,,,,
,,bensin nia,,,"20,000",,,,,,
,,soto pak budi,,,"10,000",,,,,,
28-Apr-26,,ridwan kasbone,,,"100,000",,,,,,
,,ongkir kabel,,,"80,000",,,,,,
,,nia cod,,,"37,000",,,,,,
,,"beli es anak""",,,"3,000",,,,,,
,,rokok pak budi,,,"47,000",,,,,,
,,bensin pak bara,,,"50,000",,,,,,
,,COD PT SKYNET,,,"438,000",,,,,,
,,cod pak budi pembersih jok,,,"84,000",,,,,,
,,pak budi ngasih anak pak carik,,,"50,000",,,,,,
29-Apr-26,,lpg,,,"40,000",,,,,,
,,ROKOK PAK BUDI,,,"50,000",,,,,,
,,cod pak budi pembersih jok + lampu led ,,,"210,000",,,,,,
,,BUDIIDA KUCING,,,"200,000",,,,,,
,,BU DIDA BENSIN,,,"100,000",,,,,,
30-Apr-26,,amplop,,,"100,000",,,,,,
,,amplop pak es dkk,,,"100,000",,,,,,
,,cod p budi,,,"60,000",,,,,,
,,cod nia,,,"57,000",,,,,,
,,amplop uang duka,,,"200,000",,,,,,
,,,,,,,,,,,
,,,,,,,,,,,
,,,,,"7,966,230",,,,,,
,,,,,"  6,395,600.00 ",,,,,,
,,,,,"  1,570,630.00 ",,,,,,
,, , ,   ,,,,,,,
,,,,,,,,,,,
,,,,,,,,,,,
,,,,,,,,,,,
,,,,,,,,,,,
,,,kategori,SUM of  Pengeluaran ,SUM of  Penerimaan ,,,,,,
,,,ATK,"745,709.00",0,,,,,,
,,,Cicilan Motor,"2,394,000.00",0,,,,,,
,,,dana masuk,0.00,31561000,,,,,,
,,,diskon,"-3,600.00",55499,,,,,,
,,,etol,"150,000.00",0,,,,,,
,,,fee,"1,250,000.00",0,,,,,,
,,,gaji,"250,000.00",0,,,,,,
,,,konsumsi,"886,900.00",0,,,,,,
,,,konsumsi jenguk,"220,000.00",0,,,,,,
,,,konsumsi kantor,"2,166,000.00",0,,,,,,
,,,lain-lain,"2,770,000.00",0,,,,,,
,,,Listrik Kantor,"1,285,000.00",0,,,,,,
,,,Listrik Server,"411,500.00",0,,,,,,
,,,Listrik server lawang,"200,000.00",0,,,,,,
,,,Listrik Server Sentul,"100,000.00",0,,,,,,
,,,Material,"3,690,400.00",0,,,,,,
,,,perawatan aset kantor,"407,000.00",0,,,,,,
,,,perawatan kendaraan ,"1,436,000.00",0,,,,,,
,,,pulsa,"137,900.00",0,,,,,,
,,,Rumah Tangga,"621,500.00",0,,,,,,
,,,saldo awal,0.00,"370,000",,,,,,
,,,sangu,1168000,0,,,,,,
,,,transportasi,"3,733,960",0,,,,,,
,,,Grand Total,"24,020,269","31,986,499",,,,,,