Laporan Kas Harian PT. SKYNET LINTAS NUSANTARA,,,,,,,,,,
Periode 01-31 Mei 2026,,,,,,,,,,
Tanggal,No,Keterangan,Kategori, Penerimaan , Pengeluaran ,Saldo,,Kategori,SUM of  Penerimaan ,SUM of  Pengeluaran 
02-mei,1,Saldo Awal,saldo awal,,,,,amplop,Rp0,"Rp1,200,000"
02-mei,1,Dana Masuk Operasional,dana masuk,"1,570,630",,"1,570,630",,ATK,Rp0,"Rp1,315,000"
02-mei,1,Bi untuk konsumsi kantor tgl  01/05/2026,konsumsi kantor,,110000,"1,460,630",,Cicilan Motor,Rp0,"Rp3,955,000"
02-mei,1,Bi untuk konsumsi  BB ODP  team dafa tgl 02/05/2026,sangu,,50000,"1,410,630",,dana masuk,"Rp32,070,630",Rp0
02-mei,1,Bi untuk konsumsi  BB ODP  team rafli tgl 02/05/2026,sangu,,50000,"1,360,630",,dana masuk ,"Rp3,277,000",Rp0
02-mei,1,Bi untuk konsumsi  BB ODP  team tyo tgl 02/05/2026,sangu,,50000,"1,310,630",,diskon,Rp0,"-Rp70,500"
02-mei,1,Bi BBM N 2109 EFD km 493863 tgl 01/05/2026 ltr 1.5 maintance bumiayu,transportasi,,15000,"1,295,630",,etol,Rp0,"Rp55,000"
02-mei,1,"Bi BBM N 6840 GE km 7265231 tgl 02/05/2026 ltr 1.5 ODP duta ,garuda      ",transportasi,,15000,"1,280,630",,fee,Rp0,"Rp1,350,000"
02-mei,1,Bi BBM N 3346 ABF km 712108 tgl 02/05/2026 ltr 2.0 ODP randuagung   ,transportasi,,20000,"1,260,630",,gaji,Rp0,"Rp250,000"
02-mei,1,Bi BBM P 2616 UC  km 8316 tgl 02/05/2026 ltr 2.0 csr sekolahan blimbing,transportasi,,20000,"1,240,630",,konsumsi,Rp0,"Rp826,100"
02-mei,1,Bi BBM N 2110 EFD km 689721 tgl 02/05/2026 ltr 1.5,transportasi,,15000,"1,225,630",,konsumsi kantor,Rp0,"Rp2,169,000"
02-mei,1,Bi BBM N 2668 GM  km 501988 tgl 02/05/2026 ltr 2.0 ODP  duta,transportasi,,20000,"1,205,630",,lain-lain,Rp0,"Rp1,928,780"
02-mei,1,Bi BBM M 5687 CP km 493893 tgl 02/05/2026 ltr 2.0 ,transportasi,,20000,"1,185,630",,Listrik Kantor,Rp0,"Rp1,759,500"
02-mei,1,Bi parkir N 2113 EFD pelangi lawang tgl 02/05/2026,transportasi,,2000,"1,183,630",,Listrik Server,Rp0,"Rp820,000"
02-mei,1,Bi untuk pembelian listrik kantor randuagung idpel 513010051348 tgl 02/05/2026,Listrik Kantor,,204000,"979,630",,Listrik server lawang,Rp0,"Rp200,000"
02-mei,1,Bi untuk pembelian rumah tangga tgl 02/05/2026- 6pcs oxy @ 12.000,Rumah Tangga,,72000,"907,630",,Material,Rp0,"Rp4,489,488"
02-mei,1,Bi pembelian material tgl  02/05/2026- 1pcs rj45  @ 40.000,Material,,40000,"867,630",,ongkir,Rp0,"Rp286,900"
02-mei,1,Bi pembelian material tgl  02/05/2026- 1pcs fast connector@ 35.000,Material,,35000,"832,630",,perawatan kendaraan ,Rp0,"Rp659,500"
02-mei,1,Bi pembelian material tgl  02/05/2026- 1pcs 2f4e pcb @ 68.000,Material,,68000,"764,630",,perjalanan bisnis,Rp0,"Rp534,200"
02-mei,1,Bi pembelian ATK tgl 02/05/2026- 1pcs kwitansi ppl mini @ 2.500,ATK,,2500,"762,130",,pulsa,Rp0,"Rp85,000"
02-mei,1,Bi pembelian ATK tgl 02/05/2026- 3pcs bkk kurnia 1/2f @ 9.500,ATK,,28500,"733,630",,qurban,Rp0,"Rp1,100,000"
02-mei,1,Bi pembelian ATK tgl 02/05/2026- 1pcs tas spoundbond @ 2.000,ATK,,2000,"731,630",,Rumah Tangga,Rp0,"Rp2,336,401"
04-Mei,2,dana Masuk Operasional,dana masuk,2500000,,"3,231,630",,saldo awal,Rp0,Rp0
04-Mei,2,Bi pembelian material tgl  03/05/2026- 1pcs hit lily @ 19.200,Material,,19200,"3,212,430",,sangu,Rp0,"Rp920,000"
04-Mei,2,Bi pembelian material tgl  03/05/2026- 1pcs kp branding @ 200,Material,,200,"3,212,230",,transportasi,Rp0,"Rp3,996,000"
04-Mei,2,diskon pembelian ,diskon,,-1700,"3,213,930",,Grand Total,"35,347,630","30,165,369"
04-Mei,2,Bi pembelian material tgl  03/05/2026- 1pcs 2c zimmlink @ 815.000,Material,,815000,"2,398,930",,,,
04-Mei,2,diskon pembelian ,diskon,,-10000,"2,408,930",,,,
04-Mei,2,Bi pembelian material tgl  04/05/2026- 1pcs HTB eterlink a/b @ 90.000,Material,,90000,"2,318,930",,,,
04-Mei,2,Bi pembelian material tgl  04/05/2026- 1pcs joint closure @ 75.000,Material,,75000,"2,243,930",,,,
04-Mei,2,Bi untuk pembayaran fee CS. feby tgl 04/05/2026,gaji,,250000,"1,993,930",,,,
04-Mei,2,Bi BBM N 3346 ABF km 713781 tgl 03/05/2026 ltr 2.0 maintance martopuro,transportasi,,20000,"1,973,930",,,,
04-Mei,2,Bi BBM N 2113 EFD km 578800 tgl 04/05/2026 ltr 2.5 maintance tutur,transportasi,,25000,"1,948,930",,,,
04-Mei,2,Bi BBM N 2110 EFD km 444264 tgl 04/05/2026 ltr 2.0 maintance purwodadi,transportasi,,20000,"1,928,930",,,,
04-Mei,2,Bi BBM N 2109 EFD km 495133 tgl 04/05/2026 ltr 1.0 lawang,transportasi,,10000,"1,918,930",,,,
04-Mei,2,Bi BBM N 2114 EFD km 42289 tgl 04/05/2026 ltr 1.5 lawang,transportasi,,15000,"1,903,930",,,,
04-Mei,2,Bi BBM N 2760 ABO km 54177 tgl 04/05/2026 ltr 2.0 ,transportasi,,20000,"1,883,930",,,,
04-Mei,2,Bi BBM N 2109 EFD km 491533 tgl 04/05/2026 ltr 1.5 maintance duta,transportasi,,15000,"1,868,930",,,,
04-Mei,2,Bi parkir P 2616 UC Bank Mandiri Singosari tgl 29/05/2026,transportasi,,"2,000","1,866,930",,,,
04-Mei,2,Bi BBM L 1793 ACP  tgl 04/05/2026 ltr 10.0 ,transportasi,,100000,"1,766,930",,,,
04-Mei,2,Bi untuk konsumsi  BB ODP  team ridwan tgl 04/05/2026,sangu,,50000,"1,716,930",,,,
05-Mei,3,Bi untuk pembelian rumah tangga tgl 05/05/2026- 1pcs  gulaku gula @ 17.500,Rumah Tangga,,"17,500","1,699,430",,,,
05-Mei,3,Bi untuk pembelian rumah tangga tgl 05/05/2026- 1pcs  top coff gl aren @ 13.500,Rumah Tangga,,"13,500","1,685,930",,,,
05-Mei,3,Bi untuk pembelian rumah tangga tgl 05/05/2026- 2pcs lwk kopi murni @ 10.500,Rumah Tangga,,"21,000","1,664,930",,,,
05-Mei,3,Bi untuk pembelian rumah tangga tgl 05/05/2026- 1pcs  spr pell sakura @ 13.100,Rumah Tangga,,"13,100","1,651,830",,,,
05-Mei,3,Bi untuk pembelian rumah tangga tgl 05/05/2026- 1pcs  snlight lime  @ 15.900,Rumah Tangga,,15900,"1,635,930",,,,
05-Mei,3,Bi untuk pembelian rumah tangga tgl 05/05/2026- 2pcs  neo /cf mchno @ 10.900,Rumah Tangga,,"21,800","1,614,130",,,,
05-Mei,3,Bi untuk pembelian rumah tangga tgl 05/05/2026- 1pcs  neo /c crml mc @ 10.800,Rumah Tangga,,"10,800","1,603,330",,,,
05-Mei,3,diskon pembelian ,diskon,,"-9,500","1,612,830",,,,
05-Mei,3,Bi untuk pembelian rumah tangga tgl 05/05/2026- 2pcs  plastik mbg @ 5.000,Rumah Tangga,,"10,000","1,602,830",,,,
05-Mei,3,Bi parkir N 2110 EFD Bank Mandiri Singosari tgl 05/05/2026,transportasi,,"2,000","1,600,830",,,,
05-Mei,3,Bi BBM L 1793 ACP  tgl 05/05/2026 ltr 20.0 ,transportasi,,"200,000","1,400,830",,,,
05-Mei,3,Bi BBM P 2616 UC km 8316  tgl 05/05/2026 ltr 2.5 ,transportasi,,"25,000","1,375,830",,,,
05-Mei,3,Bi BBM M 5687 CP  km 494534  tgl 05/05/2026 ltr 1.0,transportasi,,"10,000","1,365,830",,,,
05-Mei,3,Bi BBM N 2110 EFD  km 6747 tgl 05/05/2026 ltr 2.5 maintance mangliawan,transportasi,,"25,000","1,340,830",,,,
05-Mei,3,Bi BBM N 2109 EFD  km 496284 tgl 05/05/2026 ltr 2.5 maintance mangliawan,transportasi,,"25,000","1,315,830",,,,
05-Mei,3,Bi BBM N 2418 km 24197 tgl 05/05/2026 ltr 2.0 maintance mangliawan,transportasi,,"20,000","1,295,830",,,,
05-Mei,3,Bi BBM N 2668 GM km 501499 tgl 05/05/2026 ltr 2.0 maintance martopuro,transportasi,,"20,000","1,275,830",,,,
05-Mei,3,Bi BBM N 2760 ABO km 64299 tgl 05/05/2026 ltr 2.0 maintance martopuro,transportasi,,"20,000","1,255,830",,,,
05-Mei,3,"Bi BBM N 6840 GE km 768236 tgl 05/05/2026 ltr 1.5 odp suko, maintance srigading",transportasi,,"15,000","1,240,830",,,,
05-Mei,3,Bi untuk konsumsi kantor tgl  05/05/2026,konsumsi kantor,,"100,000","1,140,830",,,,
05-Mei,3,"Bi untuk konsumsi  BB ODP duta,suko team rafli tgl 05/05/2026",sangu,,"50,000","1,090,830",,,,
05-Mei,3,Bi untuk operasional pak bara tgl 05/05/2026,lain-lain,,"50,000","1,040,830",,,,
05-Mei,3,Bi untuk pembelian listrik kantor randuagung idpel 513010051348 tgl 05/05/2026,Listrik Kantor,,"204,000","836,830",,,,
05-Mei,3,Bi untuk pembelian listrik server randuagung idpel 5130010486945 tgl 05/05/2026,Listrik Server,,"205,000","631,830",,,,
05-Mei,3,Bi pembelian material tgl  05/05/2026- 1pcs 2f4e +adaptor @ 75.000,Material,,"75,000","556,830",,,,
06-Mei,4,dana Masuk Operasional,dana masuk,2000000,,"2,556,830",,,,
06-Mei,4,Bi untuk konsumsi kantor tgl  06/05/2026,konsumsi kantor,,"113,000","2,443,830",,,,
06-Mei,4,Bi untuk fee karyawan kantor tgl 06/05/2026,fee,,"350,000","2,093,830",,,,
06-Mei,4,Bi pembelian material tgl  06/05/2026- 1pcs klem 6mm @ 15.000,Material,,"15,000","2,078,830",,,,
06-Mei,4,"Bi BBM N 3346 ABF km 714887 tgl 05/05/2026 ltr 2.0 odp suko, duta",transportasi,,"20,000","2,058,830",,,,
06-Mei,4,Bi BBM M 3639 AI km 42289 tgl 05/05/2026 ltr 2.0  taging tiang bedali,transportasi,,"20,000","2,038,830",,,,
06-Mei,4,Bi BBM P 2616 UC km 8316  tgl 06/05/2026 ltr 1.5 taging tiang lawang,transportasi,,"15,000","2,023,830",,,,
06-Mei,4,"Bi BBM N 2668 GM km 508979  tgl 06/05/2026 ltr 2.5 maintance arjosari,comboran",transportasi,,"25,000","1,998,830",,,,
06-Mei,4,Bi BBM N 5810 VAB km 517  tgl 06/05/2026 ltr 1.6 maintance tutur,transportasi,,"20,000","1,978,830",,,,
06-Mei,4,Bi BBM N 4064 EDL tgl 06/05/2026 ltr 2.0 maintance martopuro,transportasi,,"20,000","1,958,830",,,,
06-Mei,4,"Bi untuk konsumsi  BB ODP duta,suko team rafli tgl 06/05/2026",sangu,,"50,000","1,908,830",,,,
06-Mei,4,Bi konsumsi maintance kabel martopuro tgl 06/05/2026,konsumsi,,"30,000","1,878,830",,,,
06-Mei,4,Bi untuk pembayaran ongkir SFP tgl 06/05/2026,ongkir,,"21,000","1,857,830",,,,
07-mei,5,Bi untuk konsumsi kantor tgl  07/05/2026,konsumsi kantor,,"100,000","1,757,830",,,,
07-mei,5,"Bi untuk konsumsi  BB ODP duta,suko team rafli tgl 07/05/2026",sangu,,"50,000","1,707,830",,,,
07-mei,5,Bi untuk konsumsi  maintance paralayang tgl 07/05/2026,konsumsi,,"86,000","1,621,830",,,,
07-mei,5,Bi BBM N 6840 GE km 775432  tgl 07/05/2026 ltr 1.6 maintance rest area,transportasi,,"20,000","1,601,830",,,,
07-mei,5,Bi parkir N 4064 EDL dian stationary tgl 07/05/2026,transportasi,,2000,"1,599,830",,,,
07-mei,5,Bi parkir N 4064 EDL Bank Mandiri Singosari tgl 07/05/2026,transportasi,,"2,000","1,597,830",,,,
07-mei,5,Bi BBM L 1793 ACP  tgl 07/05/2026 ltr 5.0 ,transportasi,,"50,000","1,547,830",,,,
07-mei,5,Bi BBM N 2113 EFD km 531290 tgl 07/05/2026 ltr 1.5 pembangunan mangliawan,transportasi,,"15,000","1,532,830",,,,
07-mei,5,Bi BBM N 4976 FW tgl 07/05/2026 ltr 1.5 lawang,transportasi,,"15,000","1,517,830",,,,
07-mei,5,Bi BBM N 2109 EFD km 497997 tgl 07/05/2026 ltr 2.0 maintance paralayang,transportasi,,"20,000","1,497,830",,,,
07-mei,5,Bi BBM N 2114 EFD km 406098 tgl 07/05/2026 ltr 2.0 maintance paralayang,transportasi,,"20,000","1,477,830",,,,
07-mei,5,Bi pembelian material tgl  07/05/2026- 1pcs eterlink A-B @ 95.000,Material,,"95,000","1,382,830",,,,
07-mei,5,Bi pembelian material tgl  07/05/2026- 1pcs 2f4e @ 68.000                   ,Material,,"68,000","1,314,830",,,,
07-mei,5,Bi pembelian ATK tgl 07/05/2026- 2pcs natural A4 @ 38.500,ATK,,"77,000","1,237,830",,,,
07-mei,5,Bi pembelian ATK tgl 07/05/2026- 2pcs box file big @ 18.300,ATK,,"36,600","1,201,230",,,,
07-mei,5,Bi pembelian ATK tgl 07/05/2026- 1pcs cor tape joyko @ 5.800,ATK,,"5,800","1,195,430",,,,
07-mei,5,Bi pembelian ATK tgl 07/05/2026- 1pcs stapler joyko @ 8.700,ATK,,"8,700","1,186,730",,,,
07-mei,5,Bi pembelian ATK tgl 07/05/2026- 1pcs gunting @ 12.800,ATK,,"12,800","1,173,930",,,,
07-mei,5,Bi pembelian ATK tgl 07/05/2026- 10pcs k thermal 57x40 @ 3.250,ATK,,"32,500","1,141,430",,,,
07-mei,5,Bi pembelian ATK tgl 07/05/2026- 2pcs binder klip @ 4.500,ATK,,"9,000","1,132,430",,,,
07-mei,5,Bi pembelian ATK tgl 07/05/2026- 2pcs isi stapler@ 2.300,ATK,,"4,600","1,127,830",,,,
07-mei,5,Bi pembelian ATK tgl 07/05/2026- 1pack lakban @ 44.000,ATK,,"44,000","1,083,830",,,,
07-mei,5,diskon pembelian ,diskon,,"-6,000","1,089,830",,,,
08-Mei,6,dana Masuk Operasional,dana masuk,500000,,"1,589,830",,,,
08-Mei,6,"Bi BBM N 2760 ABO km 64531 tgl 06/05/2026 ltr 2.0 maintance martopuro,srigading",transportasi,,"20,000","1,569,830",,,,
08-Mei,6,"Bi BBM N 6840 GE km 856721 tgl 08/05/2026 ltr 2.0 maintance songsong,losari,arjosari     ",transportasi,,"20,000","1,549,830",,,,
08-Mei,6,Bi BBM N 2109 EFD km 498359 tgl 08/05/2026 ltr 1.0 pelurusan randuagung ,transportasi,,"12,000","1,537,830",,,,
08-Mei,6,"Bi BBM N 2114 EFD km 4007645 tgl 08/05/2026 ltr 2.0 maintance losari,srigading,lawang",transportasi,,"20,000","1,517,830",,,,
08-Mei,6,Bi BBM P 2616 UC km 8316 tgl 08/05/2026 ltr 1.5 CSR sekolah rakyat singosari,transportasi,,"15,000","1,502,830",,,,
08-Mei,6,Bi BBM M 3639 AI km 422928 tgl 08/05/2026 ltr 1.5 taging tiang bedali,transportasi,,"15,000","1,487,830",,,,
08-Mei,6,Bi pembelian material tgl  08/05/2026- 1pcs joint closure 12 c @ 60.000,Material,,"60,000","1,427,830",,,,
08-Mei,6,Bi pembelian material tgl  08/05/2026- 20pcs dor kpm putih @ 3.000,Material,,"60,000","1,367,830",,,,
08-Mei,6,Bi untuk konsumsi  maintance paralayang  tgl 06/05/2026,konsumsi,,"20,000","1,347,830",,,,
08-Mei,6,"Bi untuk konsumsi  maintance martopuro,srigading  tgl 06/05/2026",konsumsi,,"10,000","1,337,830",,,,
08-Mei,6,Bi untuk konsumsi  rapat team om joni  tgl 07/05/2026,konsumsi,,"35,000","1,302,830",,,,
08-Mei,6,Bi untuk konsumsi  penarikan feeder duta team rafli  tgl 08/05/2026,sangu,,"70,000","1,232,830",,,,
08-Mei,6,Bi untuk konsumsi  taging tiang bedali tgl 08/05/2026,konsumsi,,"3,000","1,229,830",,,,
08-Mei,6,Bi untuk pembelian listrik kantor randuagung idpel 513010051348 tgl 08/05/2026,Listrik Kantor,,"103,000","1,126,830",,,,
08-Mei,6,Bi untuk ongkir kabel (turen) tgl 07/05/2026,ongkir,,"181,000","945,830",,,,
09-mei,7,dana Masuk Operasional,dana masuk,2500000,,"3,445,830",,,,
09-mei,7,Bi untuk konsumsi kantor tgl  09/05/2026,konsumsi kantor,,"100,000","3,345,830",,,,
09-mei,7,Bi untuk konsumsi  pelurusan lawang team rafli  tgl 09/05/2026,sangu,,"50,000","3,295,830",,,,
09-mei,7,Bi untuk pembelian rumah tangga tgl 09/05/2026- 1pcs  kresek bsr @ 30.000,Rumah Tangga,,"30,000","3,265,830",,,,
09-mei,7,"Bi BBM N 2760 ABO km 44332 tgl 09/05/2026 ltr 2.0 maintance lawang,temanggungan,comboran",transportasi,,"20,000","3,245,830",,,,
09-mei,7,Bi BBM M 5687 CP km 495563 tgl 09/05/2026 ltr 2.0 martopuro,transportasi,,"20,000","3,225,830",,,,
09-mei,7,"Bi BBM P 2616 UC km 8316 tgl 09/05/2026 ltr 2.0 lawang, singosari",transportasi,,"20,000","3,205,830",,,,
09-mei,7,"Bi BBM N 2109 EFD km 4991843 tgl 09/05/2026 ltr 1.5 maintance lawang, srigading",transportasi,,"15,000","3,190,830",,,,
09-mei,7,Bi untuk pengembalian dana bu april tgl 09/05/2026,lain-lain,,"500,000","2,690,830",,,,
09-mei,7,Bi pembelian material tgl  05/05/2026- 2pcs spliter 1:8 @ 55.000,Material,,"110,000","2,580,830",,,,
09-mei,7,Bi pembelian material tgl  09/05/2026- 2pcs joint closure @ 75.000,Material,,"150,000","2,430,830",,,,
09-mei,7,Bi pembelian material tgl  09/05/2026- 1pcs modem f477v2+adaptor @ 110.000,Material,,"110,000","2,320,830",,,,
09-mei,7,Bi pembelian material tgl  09/05/2026- 1pcs netlink A-B @ 100.000,Material,,"100,000","2,220,830",,,,
09-mei,7,Bi pembelian material tgl  09/05/2026- 1pcs joint closure @ 100.000,Material,,"100,000","2,120,830",,,,
09-mei,7,Bi pembelian material tgl  09/05/2026- 1pcs hit ins.spry @ 35.900,Material,,"35,900","2,084,930",,,,
09-mei,7,diskon pembelian ,diskon,,"-2,000","2,086,930",,,,
09-mei,7,Bi untuk pembelian listrik kantor randuagung idpel 513010051348 tgl 09/05/2026,Listrik Kantor,,"205,000","1,881,930",,,,
09-mei,7,Bi untuk ongkir OLT epon 2 pon karangploso tgl 09/05/2026,ongkir,,35000,"1,846,930",,,,
11-mei,8,dana Masuk Operasional,dana masuk,2500000,,"4,346,930",,,,
11-mei,8,Bi untuk pembayaran etol 6013500803233528 tgl  09/05/2026 ,etol,,55000,"4,291,930",,,,
11-mei,8,Bi untuk pembelian rumah tangga tgl 10/05/2026- 1pcs idm kmpr deo skra  @ 18.900,Rumah Tangga,,18900,"4,273,030",,,,
11-mei,8,diskon pembelian ,diskon,,-4000,"4,277,030",,,,
11-mei,8,Bi untuk pembelian rumah tangga tgl 10/05/2026- 1pcs stella a/f  @ 30.900,Rumah Tangga,,30900,"4,246,130",,,,
11-mei,8,Bi untuk pembelian rumah tangga tgl 10/05/2026- 1pcs idm ktg plstk @ 100,Rumah Tangga,,100,"4,246,030",,,,
11-mei,8,diskon pembelian ,diskon,,-4000,"4,250,030",,,,
11-mei,8,Bi untuk pembelian rumah tangga tgl 11/05/2026- 1pcs  sosro celup  @ 7.300,Rumah Tangga,,7300,"4,242,730",,,,
11-mei,8,Bi untuk pembelian rumah tangga tgl 11/05/2026- 1pcs  neo tramsu @ 10.800,Rumah Tangga,,10800,"4,231,930",,,,
11-mei,8,Bi untuk pembelian rumah tangga tgl 11/05/2026- 2pcs lwk koppi@ 10.500,Rumah Tangga,,"21,000","4,210,930",,,,
11-mei,8,Bi untuk pembelian rumah tangga tgl 11/05/2026- 1pcs  top /coff mkachno @ 13.500,Rumah Tangga,,"13,500","4,197,430",,,,
11-mei,8,Bi untuk pembelian rumah tangga tgl 11/05/2026- 2pcs  neo cf mchno @ 10.800,Rumah Tangga,,"21,600","4,175,830",,,,
11-mei,8,Bi untuk pembelian rumah tangga tgl 11/05/2026- 1pcs  idm f/t 2 ply  @ 22.500,Rumah Tangga,,"22,500","4,153,330",,,,
11-mei,8,Bi untuk pembelian rumah tangga tgl 11/05/2026- 1pcs idm ktg plstk @ 300,Rumah Tangga,,300,"4,153,030",,,,
11-mei,8,diskon pembelian ,diskon,,"-15,200","4,168,230",,,,
11-mei,8,"Bi BBM N 2110 EFD km 865472 tgl 09/05/2026 ltr 1.5 maintance lawang,gadang",transportasi,,15000,"4,153,230",,,,
11-mei,8,"Bi BBM N 6840 GE km 677922 tgl 10/05/2026 ltr 2.0 maintance gadang,sukun",transportasi,,20000,"4,133,230",,,,
11-mei,8,Bi parkir N 2113 EFD dian stationary tgl 11/05/2026,transportasi,,2000,"4,131,230",,,,
11-mei,8,Bi parkir N 2113 EFD Bank Mandiri Singosari tgl 11/05/2026,transportasi,,"2,000","4,129,230",,,,
11-mei,8,"Bi BBM N 2114 EFD km 409679 tgl 11/05/2026 ltr 2.0 maintance lawang, tutur",transportasi,,"20,000","4,109,230",,,,
11-mei,8,Bi pembelian ATK tgl 11/05/2026- 30pcs k bufalo @ 500,ATK,,"15,000","4,094,230",,,,
11-mei,8,Bi pembelian ATK tgl 11/05/2026- 5pcs nota mini @ 1.600,ATK,,"8,000","4,086,230",,,,
11-mei,8,diskon pembelian ,diskon,,"-2,000","4,088,230",,,,
11-mei,8,Bi konsumsi terminasi gadang team rafli tgl 11/05/2026,sangu,,"50,000","4,038,230",,,,
11-mei,8,Bi konsumsi  gadang team ridwan tgl 11/05/2026,sangu,,"50,000","3,988,230",,,,
11-mei,8,Bi untuk perawatan  kendaraan service N 2668 GM tgl 08/05/2026,perawatan kendaraan ,,"115,000","3,873,230",,,,
11-mei,8,Bi untuk perawatan  kendaraan service N 3573 EFJ tgl 11/05/2026,perawatan kendaraan ,,"69,500","3,803,730",,,,
12-mei,9,Bi untuk konsumsi kantor tgl  12/05/2026,konsumsi kantor,,"150,000","3,653,730",,,,
12-mei,9,Bi BBM N 2668 GM km 501459 tgl 12/05/2026 ltr 2.0 maintance arjosari,transportasi,,"20,000","3,633,730",,,,
12-mei,9,Bi BBM N 6840 GE km 778923 tgl 12/05/2026 ltr 2.0 maintance gadang,transportasi,,"20,000","3,613,730",,,,
12-mei,9,Bi BBM N 2109 EFD km 501059 tgl 12/05/2026 ltr 1.0 bedali,transportasi,,"10,000","3,603,730",,,,
12-mei,9,Bi BBM N 3183 tgl 12/05/2026 ltr 1.0 ,transportasi,,"10,000","3,593,730",,,,
12-mei,9,Bi BBM L 1793 ACP  km 144525 tgl 12/05/2026 ltr 10.0 ,transportasi,,"100,000","3,493,730",,,,
12-mei,9,Bi parkir N 4064 EDL dian stationary tgl 12/05/2026,transportasi,,2000,"3,491,730",,,,
12-mei,9,Bi parkir N 4064 EDL Bank Mandiri Singosari tgl 12/05/2026,transportasi,,"2,000","3,489,730",,,,
12-mei,9,Bi BBM L 1793 ACP  tgl 07/05/2026 ltr 10.0 ,transportasi,,"100,000","3,389,730",,,,
12-mei,9,Bi untuk pembelian rumah tangga tgl 12/05/2026- 1pack cleo  @ 22.000,Rumah Tangga,,"22,000","3,367,730",,,,
12-mei,9,Bi pembelian material tgl  12/05/2026- closure @ 225.000,Material,,"225,000","3,142,730",,,,
12-mei,9,Bi pembelian ATK tgl 12/05/2026- 5pcs hvs 100 1sisi A3 @ 17.500,ATK,,"17,500","3,125,230",,,,
12-mei,9,Bi pembelian ATK tgl 12/05/2026- 1pcs spidol @ 20.000,ATK,,"20,000","3,105,230",,,,
12-mei,9,Bi pembelian ATK tgl 12/05/2026- 1pcs TAHER HP 85A @ 190.000,ATK,,"190,000","2,915,230",,,,
12-mei,9,Bi pembelian ATK tgl 12/05/2026- 2pcs kwitansi paperline kecil@ 3.500,ATK,,"7,000","2,908,230",,,,
12-mei,9,Bi pembelian ATK tgl 12/05/2026- 12pcs amplop tali@ 0.500,ATK,,"17,000","2,891,230",,,,
12-mei,9,diskon pembelian ,diskon,,-600,"2,891,830",,,,
12-mei,9,Bi untuk pembayaran ongkos kirim surgr office jakarta tgl 12/05/2026,ongkir,,"12,900","2,878,930",,,,
13-mei,10,dana Masuk Operasional,dana masuk,2000000,,"4,878,930",,,,
13-mei,10,Bi untuk konsumsi team laporan stasiun tgl 12/05/2026,konsumsi,,"100,000","4,778,930",,,,
13-mei,10,Bi untuk konsumsi kantor tgl  13/05/2026,konsumsi kantor,,"100,000","4,678,930",,,,
13-mei,10,Bi BBM DK 6912 AAW  km 455023 tgl 08/05/2026 ltr 1.6 karangploso,transportasi,,"20,000","4,658,930",,,,
13-mei,10,"Bi BBM N 5208 GW km 0 tgl 13/05/2026 ltr 3.2 maintance srigading,suko, gadang",transportasi,,"40,000","4,618,930",,,,
13-mei,10,"Bi BBM N 2109 EFD km 501521 tgl 13/05/2026 ltr 1.0 maintance lawang,singosari",transportasi,,"15,000","4,603,930",,,,
13-mei,10,Bi BBM N 2110 EFD km 450454 tgl 13/05/2026 ltr 1.5 maintance lawang,transportasi,,"15,000","4,588,930",,,,
13-mei,10,Bi BBM L 1793 ACP  km 144966 tgl 13/05/2026 ltr 10.0 ,transportasi,,"100,000","4,488,930",,,,
13-mei,10,Bi untuk perawatan  kendaraan service N 2109 EFD tgl 13/05/2026,perawatan kendaraan ,,115000,"4,373,930",,,,
13-mei,10,Bi pembelian material tgl  13/05/2026- 1pcs joint closure @ 60.000,Material,,"60,000","4,313,930",,,,
13-mei,10,Bi untuk pembelian rumah tangga tgl 13/05/2026- 600pcs thinwal 100ml  @ 1.440,Rumah Tangga,,"864,000","3,449,930",,,,
13-mei,10,Bi untuk pembelian rumah tangga tgl 13/05/2026- 75pcs thinwal 2400ml  @ 4.890,Rumah Tangga,,"366,750","3,083,180",,,,
13-mei,10,Bi untuk pembelian rumah tangga tgl 13/05/2026- 2pcs tictas @ 13.000,Rumah Tangga,,"26,000","3,057,180",,,,
13-mei,10,Bi untuk pembelian rumah tangga tgl 13/05/2026- 3pcs gelas polkadot @ 9.500,Rumah Tangga,,"28,500","3,028,680",,,,
13-mei,10,Bi untuk pembelian rumah tangga tgl 13/05/2026- 1pcs beken @ 24.000,Rumah Tangga,,"24,000","3,004,680",,,,
13-mei,10,Bi untuk pembelian rumah tangga tgl 13/05/2026- 5pcs hdpe boyo@ 3.600,Rumah Tangga,,"18,000","2,986,680",,,,
13-mei,10,Bi untuk pembelian rumah tangga tgl 13/05/2026- 1pcs cetakan agar @ 12.000,Rumah Tangga,,"12,000","2,974,680",,,,
13-mei,10,Bi pembelian ATK tgl 13/05/2026- 6pcs selotip nachi@ 7.000,ATK,,"42,000","2,932,680",,,,
13-mei,10,Bi pembelian ATK tgl 13/05/2026- 1pcs dispencer tape lion @ 28.500,ATK,,"28,500","2,904,180",,,,
13-mei,10,Bi pembelian ATK tgl 13/05/2026- 5pcs k.stiker ratu @ 21.000,ATK,,"105,000","2,799,180",,,,
13-mei,10,Bi pembelian ATK tgl 13/05/2026- 1pcs tas spoundbond@ 2.000,ATK,,"2,000","2,797,180",,,,
13-mei,10,Bi pembelian ATK tgl 13/05/2026- 4pcs  hvs 100 1 sisi A4@ 2.750,ATK,,"11,000","2,786,180",,,,
13-mei,10,Bi untuk pembelian listrik server randuagung idpel 5130010486945 tgl 13/05/2026,Listrik Server,,"205,000","2,581,180",,,,
13-mei,10,Bi untuk sumbangan tpq keliling tgl 12/05/2026,lain-lain,,"10,000","2,571,180",,,,
15-mei,11,dana Masuk Operasional,dana masuk,2000000,,"4,571,180",,,,
15-mei,11,Bi BBM N 3457 ABF km 4988 tgl 06/05/2026 ltr 1.5 randuagung,transportasi,,"15,000","4,556,180",,,,
15-mei,11,"Bi BBM N 6840 GE km 898763 tgl 13/05/2026 ltr 2.0 maintance lawang,gadang",transportasi,,"20,000","4,536,180",,,,
15-mei,11,Bi BBM N 2113 EFD km 543257  tgl 13/05/2026 ltr 1.5 ikr lawang,transportasi,,"15,000","4,521,180",,,,
15-mei,11,"Bi BBM N 2668 GM km 502455  tgl 14/05/2026 ltr 2.0 maintance srigading,gadang",transportasi,,"20,000","4,501,180",,,,
15-mei,11,"Bi BBM DK 6912 AWW km 455023 tgl 14/05/2026 ltr 2.0 lawang, gadang",transportasi,,"20,000","4,481,180",,,,
15-mei,11,Bi BBM N 2109 EFD km 501224 tgl 15/05/2026 ltr 1.5 ikr lawang,transportasi,,"15,000","4,466,180",,,,
15-mei,11,Bi BBM N 2110 km 667678 tgl 15/05/2026 ltr 1.0  lawang,transportasi,,"12,000","4,454,180",,,,
15-mei,11,Bi untuk operasional transportasi gadang tgl 14/05/2026,transportasi,,"100,000","4,354,180",,,,
15-mei,11,Bi untuk perawatan  kendaraan service oli N 6840 GE tgl 14/05/2026,perawatan kendaraan ,,"50,000","4,304,180",,,,
15-mei,11,Bi untuk perawatan  kendaraan cuci L l 1793 ACP tgl 15/05/2026,perawatan kendaraan ,,"45,000","4,259,180",,,,
15-mei,11,Bi untuk konsumsi kantor tgl  14/05/2026,konsumsi kantor,,"100,000","4,159,180",,,,
15-mei,11,Bi untuk konsumsi kantor tgl  15/05/2026,konsumsi kantor,,"465,000","3,694,180",,,,
15-mei,11,Bi untuk konsumsi operasional surabaya tgl 15/05/2026,konsumsi,,"51,000","3,643,180",,,,
15-mei,11,Bi pembelian material tgl  14/05/2026- 1pcs pylox  @ 40.000,Material,,"40,000","3,603,180",,,,
15-mei,11,Bi pembelian material tgl  15/05/2026- 1pcs hit lily b  @ 19.200,Material,,"19,200","3,583,980",,,,
15-mei,11,diskon pembelian ,diskon,,"-1,700","3,585,680",,,,
15-mei,11,Bi untuk pembelian pulsa no NOC adimas 081331615537 tgl 15/05/2026,pulsa,,"50,000","3,535,680",,,,
15-mei,11,Bi untuk pembelian rumah tangga tgl 15/05/2026- 1pcs idm ktg plstk @ 500,Rumah Tangga,,500,"3,535,180",,,,
15-mei,11,Bi untuk pembelian rumah tangga tgl 15/05/2026- 1pcs gmp gula @ 17.500,Rumah Tangga,,17500,"3,517,680",,,,
15-mei,11,Bi untuk pembelian rumah tangga tgl 15/05/2026- 2pcs neo /cf mchno @ 10.900,Rumah Tangga,,21800,"3,495,880",,,,
15-mei,11,Bi untuk pembelian rumah tangga tgl 15/05/2026- 1pcs top /coff mkachno @ 14.000,Rumah Tangga,,14000,"3,481,880",,,,
15-mei,11,Bi untuk pembelian rumah tangga tgl 15/05/2026- 1pcs neo/c crml @ 10.800,Rumah Tangga,,10800,"3,471,080",,,,
15-mei,11,Bi untuk pembelian rumah tangga tgl 15/05/2026- 2pcs lwk kopi murni @ 10.500,Rumah Tangga,,21000,"3,450,080",,,,
15-mei,11,Bi untuk operasional pak bara tgl 15/05/2026,lain-lain,,100000,"3,350,080",,,,
15-mei,11,Bi untuk operasional surabaya tgl 15/05/2026,perjalanan bisnis,,226500,"3,123,580",,,,
15-mei,11,Bi konsumsi  penarikan dan ikr gadang team tyo tgl 15/05/2026,sangu,,50000,"3,073,580",,,,
16-mei,12,"Bi BBM N 6840 GE km 867232 tgl 16/05/2026 ltr 2.9 maintance  lawang,gondang,arjosari,gadang",transportasi,,29000,"3,044,580",,,,
16-mei,12,Bi BBM N 2113 EFD km 535403 tgl 16/05/2026 ltr 1.0 maintance srigading,transportasi,,10000,"3,034,580",,,,
16-mei,12,Bi parkir N 4064 EDL mr.diy tgl 16/05/2026,transportasi,,2000,"3,032,580",,,,
16-mei,12,Bi pembelian ATK tgl 16/05/2026- 1pcs  ruler 30m@ 9.000,ATK,,9000,"3,023,580",,,,
16-mei,12,Bi pembelian ATK tgl 16/05/2026- 2pcs  tape trans @ 12.000,ATK,,24000,"2,999,580",,,,
16-mei,12,Bi untuk konsumsi team redline starlite tgl 16/05/2026,konsumsi,,26000,"2,973,580",,,,
16-mei,12,Bi untuk konsumsi kantor tgl 16/05/2026,konsumsi,,100000,"2,873,580",,,,
16-mei,12,Bi untuk pembelian rumah tangga tgl 16/05/2026- 5pcs timbangan  @ 24.888,Rumah Tangga,,114151,"2,759,429",,,,
16-mei,12,Bi konsumsi  pelurusan srigading rahmad tgl 16/05/2026,sangu,,50000,"2,709,429",,,,
18-mei,13,"Bi BBM M 5687 CP  km 497121 tgl 11/05/2026 ltr 2.0 martopuro,lawang,gadang",transportasi,,20000,"2,689,429",,,,
18-mei,13,Bi BBM M 5687 CP  km 499631 tgl 14/05/2026 ltr 2.0 gadang,transportasi,,20000,"2,669,429",,,,
18-mei,13,Bi BBM N 2113 EFD km 506370 tgl 15/05/2026 ltr 1.0 maintance lawang,transportasi,,10000,"2,659,429",,,,
18-mei,13,Bi BBM M 5687 CP  km 500440 tgl 16/05/2026 ltr 2.5 gadang,transportasi,,25000,"2,634,429",,,,
18-mei,13,Bi BBM M 5687 CP  km 500948 tgl 17/05/2026 ltr 2.5 gadang,transportasi,,25000,"2,609,429",,,,
18-mei,13,Bi BBM N 2668 GM km 508149 tgl 17/05/2026 ltr 2.0 maintance gadang,transportasi,,25000,"2,584,429",,,,
18-mei,13,Bi BBM N 2418 YBI tgl 06/05/2026 ltr 1.5 maintance lawang,transportasi,,15000,"2,569,429",,,,
18-mei,13,"Bi BBM N 2113 EFD km 536669 tgl 18/05/2026 ltr 1.0 maintance srigading, singosari",transportasi,,10000,"2,559,429",,,,
18-mei,13,"Bi BBM N 2668 GM km 508249 tgl 18/05/2026 ltr 2.5 maintance gadang,bedali",transportasi,,25000,"2,534,429",,,,
18-mei,13,"Bi BBM N 2110 EFD tgl 18/05/2026 ltr 1.6 maintance srigading, rest area",transportasi,,16000,"2,518,429",,,,
18-mei,13,Bi BBM N 2114 EFD km 412123 tgl 18/05/2026 ltr 1.0 maintance gadang,transportasi,,10000,"2,508,429",,,,
18-mei,13,"Bi BBM P 2616 UC  tgl 18/05/2026 ltr 1.0 maintance lawang,singossari",transportasi,,10000,"2,498,429",,,,
18-mei,13,Bi BBM P 2616 UC  tgl 18/05/2026 ltr 1.5 maintance singossari,transportasi,,15000,"2,483,429",,,,
18-mei,13,Bi BBM L 1793 ACP  tgl 18/05/2026 ltr 10.0 ,transportasi,,"100,000","2,383,429",,,,
18-mei,13,Bi parkir P 2616 UC Bank Mandiri Singosari tgl 18/05/2026,transportasi,,2000,"2,381,429",,,,
18-mei,13,Bi pembelian material tgl  17/05/2026- 1pcs isolasi nasional @ 9.000,Material,,9000,"2,372,429",,,,
18-mei,13,Bi untuk pembelian listrik kantor randuagung idpel 513010051348 tgl 18/05/2026,Listrik Kantor,,205000,"2,167,429",,,,
18-mei,13,Bi untuk konsumsi kantor tgl 18/05/2026,konsumsi kantor,,110000,"2,057,429",,,,
18-mei,13,Bi pembelian ATK tgl 18/05/2026- 18pcs hvs 100 1sisi A3 @ 2.700,ATK,,49000,"2,008,429",,,,
18-mei,13,Bi pembelian ATK tgl 18/05/2026- 4pcs hvs 100 1sisi A3 @ 2.750,ATK,,11000,"1,997,429",,,,
18-mei,13,Bi pembelian ATK tgl 18/05/2026- 2pcs materai @ 12.000,ATK,,24000,"1,973,429",,,,
18-mei,13,Bi pembelian ATK tgl 18/05/2026- 3pcs print A3 @ 3.000,ATK,,9000,"1,964,429",,,,
18-mei,13,Bi pembelian ATK tgl 18/05/2026- 4pcs print A4 @ 1.000,ATK,,4000,"1,960,429",,,,
18-mei,13,Bi untuk fee redline stasiun lawang dan blimbing tgl 18/05/2026,fee,,1000000,"960,429",,,,
18-mei,13,Bi untuk operasional rapat pak budi di pandaan tgl 18/05/2026,perjalanan bisnis,,119000,"841,429",,,,
19-mei,14,dana Masuk Operasional,dana masuk,3000000,,"3,841,429",,,,
19-mei,14,Bi untuk konsumsi kantor tgl 19/05/2026,konsumsi kantor,,121000,"3,720,429",,,,
19-mei,14,Bi untuk konsumsi team teknisi lembur malam tgl 19/05/2026,konsumsi,,50000,"3,670,429",,,,
19-mei,14,Bi BBM N 2109 EFD km 503617 tgl 19/05/2026 ltr 2.0 IKR gadang,transportasi,,20000,"3,650,429",,,,
19-mei,14,"Bi BBM N 2110 EFD km 454613 tgl 19/05/2026 ltr 2.0 maintance lawang ,singosari",transportasi,,20000,"3,630,429",,,,
19-mei,14,Bi BBM N 2760 ABO km 47851 tgl 20/05/2026 ltr 2.0 maintance mangliawan,transportasi,,20000,"3,610,429",,,,
19-mei,14,Bi BBM N 2113 EFD km 537468 tgl 19/05/2026 ltr 2.0 maintance bumiayu,transportasi,,20000,"3,590,429",,,,
19-mei,14,Bi pembelian material tgl  19/05/2026- 10pcs spectra FTP@ 2.500,Material,,25000,"3,565,429",,,,
19-mei,14,Bi pembelian material tgl  19/05/2026- 1pcs rj45 hs airpo tembus @ 38.000,Material,,38000,"3,527,429",,,,
20-mei,15,Bi pembelian material tgl  20/05/2026- 1pcs pylox  @ 50.000,Material,,50000,"3,477,429",,,,
20-mei,15,Bi pembelian material tgl  20/05/2026- 1pcs obat nyamuk@ 19.000,Material,,19000,"3,458,429",,,,
20-mei,15,Bi pembelian material tgl  20/05/2026- 4m nyhy@ 7.000,Material,,28000,"3,430,429",,,,
20-mei,15,Bi pembelian material tgl  20/05/2026- 1pcs steker arde @ 14.000,Material,,14000,"3,416,429",,,,
20-mei,15,Bi pembelian material tgl  20/05/2026- 1pcs s/c lbg @ 29.000,Material,,29000,"3,387,429",,,,
20-mei,15,Bi untuk pembayaran ongkir rak server tgl 20/05/2026,ongkir,,37000,"3,350,429",,,,
20-mei,15,Bi untuk perawatan  kendaraan service deck pintu L l 1793 ACP tgl 20/05/2026,perawatan kendaraan ,,50000,"3,300,429",,,,
20-mei,15,Bi untuk konsumsi team rafli gadang tgl 20/05/2026,sangu,,50000,"3,250,429",,,,
20-mei,15,Bi untuk konsumsi team ridwan gadang tgl 20/05/2026,sangu,,50000,"3,200,429",,,,
20-mei,15,Bi BBM N 2113 EFD km 406372 tgl 16/05/2026 ltr 2.0 maintance gadang                  ,transportasi,,20000,"3,180,429",,,,
20-mei,15,Bi BBM L 1793 ACP  tgl 19/05/2026 ltr 5.0 ,transportasi,,50000,"3,130,429",,,,
20-mei,15,Bi BBM L 1793 ACP  tgl 20/05/2026 ltr 20.0 ,transportasi,,200000,"2,930,429",,,,
20-mei,15,"Bi BBM N 6840 GE km 56238 tgl 20/05/2026 ltr 2.0 maintance arjosari, rest area",transportasi,,20000,"2,910,429",,,,
20-mei,15,Bi BBM N 2110 tgl 20/05/2026 ltr 1.5 pembangunan gadang,transportasi,,15000,"2,895,429",,,,
20-mei,15,Bi BBM N 2113 EFD km 538556 tgl 20/05/2026 ltr 1.0 maintance gadang                  ,transportasi,,10000,"2,885,429",,,,
20-mei,15,"Bi BBM N 2114 EFD km 60536 tgl 20/05/2026 ltr 1.0 maintance kunci,lawang           ",transportasi,,10000,"2,875,429",,,,
20-mei,15,Bi pembelian ATK tgl 20/05/2026- 9pcs sticker vynil @ 8.500,ATK,,79000,"2,796,429",,,,
21-mei,16,dana Masuk Operasional,dana masuk,2000000,,"4,796,429",,,,
21-mei,16,Bi BBM N 3346 ABF km 714887 tgl 07/05/2026 ltr 1.5 maintance duta,transportasi,,15000,"4,781,429",,,,
21-mei,16,Bi BBM N 3346 ABF km 715907 tgl 13/05/2026 ltr 1.5 maintance gadang,transportasi,,15000,"4,766,429",,,,
21-mei,16,Bi BBM N 3346 ABF km 717520 tgl 14/05/2026 ltr 2.0 maintance  gadang,transportasi,,20000,"4,746,429",,,,
21-mei,16,Bi BBM N 2760 ABO km 47851  tgl 20/05/2026 ltr 2.0 maintance mangliawan,transportasi,,20000,"4,726,429",,,,
21-mei,16,Bi BBM N 2109 EFD km 504801 tgl 21/05/2026 ltr 2.0 maintance karang kunci                 ,transportasi,,20000,"4,706,429",,,,
21-mei,16,Bi BBM N 5810 VAB km 521 tgl 21/05/2026 ltr 2.5 mangliawan            ,transportasi,,25000,"4,681,429",,,,
21-mei,16,Bi BBM N 4976 FW tgl 21/05/2026 ltr 1.5 gadang        ,transportasi,,15000,"4,666,429",,,,
21-mei,16,Bi pembelian material tgl  21/05/2026- 2pcs alkes @ 30.000,Material,,60000,"4,606,429",,,,
21-mei,16,Bi pembelian material tgl  21/05/2026- 2pcs spliter PLC 1:2 @ 40.000,Material,,80000,"4,526,429",,,,
21-mei,16,Bi pembelian material tgl  21/05/2026- 1pcs  klem paku @ 5.000,Material,,5000,"4,521,429",,,,
21-mei,16,Bi untuk perawatan  kendaraan service N 2114 EFD tgl 21/05/2026,perawatan kendaraan ,,195000,"4,326,429",,,,
21-mei,16,Bi untuk konsumsi maintance sentul tgl 16/05/2026,konsumsi,,10000,"4,316,429",,,,
21-mei,16,Bi untuk konsumsi lembur team teknisi dan NOC tgl 20/05/2026,konsumsi,,100000,"4,216,429",,,,
21-mei,16,Bi konsumsi tarik feeder team rafli gadang tgl 21/05/2026,sangu,,50000,"4,166,429",,,,
21-mei,16,Bi konsumsipsb team dafa mangliawan tgl 21/05/2026,sangu,,50000,"4,116,429",,,,
21-mei,16,Bi pembelian ATK tgl 21/05/2026- 8pcs sticker vynil @ 8.500,ATK,,70000,"4,046,429",,,,
21-mei,16,Bi untuk pembelian listrik server randuagung idpel 5130010486945 tgl 20/05/2026,Listrik Server,,"205,000","3,841,429",,,,
22-mei,17,dana Masuk Operasional,dana masuk,3000000,,"6,841,429",,,,
22-mei,17,Bi BBM N 2760 ABO km 44786 tgl 12/05/2026 ltr 2.0 ,transportasi,,20000,"6,821,429",,,,
22-mei,17,"Bi BBM N 6840 GE km 263731 tgl 21/05/2026 ltr 2.5 maintance rest area,mangliawan,arjosari",transportasi,,25000,"6,796,429",,,,
22-mei,17,Bi BBM P 2616 UC tgl 22/05/2026 ltr 1.0 lawang      ,transportasi,,10000,"6,786,429",,,,
22-mei,17,Bi BBM P 2616 UC tgl 22/05/2026 ltr 1.0 karangkunci   ,transportasi,,10000,"6,776,429",,,,
22-mei,17,Bi BBM P 2616 UC tgl 22/05/2026 ltr 1.5 karangkunci      ,transportasi,,15000,"6,761,429",,,,
22-mei,17,Bi BBM N 2110 km 456147 tgl 22/05/2026 ltr 1.0 odp karangkunci,transportasi,,10000,"6,751,429",,,,
22-mei,17,"Bi BBM N 4064 EDL  tgl 22/05/2026 ltr 2.0  karangkunci,singosari",transportasi,,20000,"6,731,429",,,,
22-mei,17,Bi untuk konsumsi kantor tgl 22/05/2026,konsumsi kantor,,140000,"6,591,429",,,,
22-mei,17,Bi konsumsi tarik kabel team rafli gadang tgl 22/05/2026,sangu,,50000,"6,541,429",,,,
22-mei,17,Bi untuk pembelian rumah tangga tgl 22/05/2026- 9pcs oxy   @ 12.000,Rumah Tangga,,108000,"6,433,429",,,,
22-mei,17,Bi untuk pembelian rumah tangga tgl 22/05/2026- 1lsn sendok stanles  @ 13.000,Rumah Tangga,,13000,"6,420,429",,,,
22-mei,17,Bi untuk pembelian rumah tangga tgl 22/05/2026- 1pack sendok plastik  @ 18.000,Rumah Tangga,,18000,"6,402,429",,,,
22-mei,17,Bi untuk pembelian rumah tangga tgl 22/05/2026- 1pcs idm ktg plstik @ 500,Rumah Tangga,,500,"6,401,929",,,,
22-mei,17,Bi untuk pembelian rumah tangga tgl 22/05/2026- 1pcs snlight lime @ 15.000,Rumah Tangga,,15000,"6,386,929",,,,
22-mei,17,Bi untuk pembelian rumah tangga tgl 22/05/2026- 1pcs so klin p/l @ 13.400,Rumah Tangga,,13400,"6,373,529",,,,
22-mei,17,Bi untuk pembelian rumah tangga tgl 22/05/2026- 2pcs lwk kopi @ 10.500,Rumah Tangga,,21000,"6,352,529",,,,
22-mei,17,Bi untuk pembelian rumah tangga tgl 22/05/2026- 1pcs neo/c tramsu @10.800,Rumah Tangga,,10800,"6,341,729",,,,
22-mei,17,Bi untuk pembelian rumah tangga tgl 22/05/2026- 1pcs neo/c mchno @10.900,Rumah Tangga,,10900,"6,330,829",,,,
22-mei,17,Bi untuk pembelian rumah tangga tgl 22/05/2026- 1pcs neo/c crml.mc @ 10.800,Rumah Tangga,,10800,"6,320,029",,,,
22-mei,17,Bi untuk pembelian rumah tangga tgl 22/05/2026- 1pcs t/c kpi @ 11.500,Rumah Tangga,,11500,"6,308,529",,,,
22-mei,17,diskon pembelian ,diskon,,-12000,"6,320,529",,,,
22-mei,17,Bi untuk pembayaran tagihan FIF no. 851000268123 angsr ke-30 tgl 22/04/2026,Cicilan Motor,,780000,"5,540,529",,,,
22-mei,17,Bi pembelian ATK tgl 22/05/2026- 1pcs materai digital @ 13.500,ATK,,13500,"5,527,029",,,,
22-mei,17,Bi pembelian ATK tgl 22/05/2026- 1pcs materai digital @ 13.500,ATK,,13500,"5,513,529",,,,
22-mei,17,Bi pembelian ATK tgl 22/05/2026- 6pcs label tape@ 31.000,ATK,,167000,"5,346,529",,,,
22-mei,17,Bi untuk pembelian listrik kantor randuagung idpel 513010051348 tgl 22/05/2026,Listrik Kantor,,205000,"5,141,529",,,,
22-mei,17,Bi untuk pembelian listrik server randuagung idpel 5130010486945 tgl 22/05/2026,Listrik Server,,205000,"4,936,529",,,,
22-mei,17,Bi konsumsi lembur malam team tgl 22/05/2026,konsumsi,,50000,"4,886,529",,,,
23-mei,18,Bi untuk konsumsi kantor tgl 23/05/2026,konsumsi kantor,,100000,"4,786,529",,,,
23-mei,18,Bi konsumsi lembur malam team tgl 23/05/2026,konsumsi,,40000,"4,746,529",,,,
23-mei,18,Bi BBM N 3346 ABF km 718276 tgl 16/05/2026 ltr 2.0 maintance  gadang,transportasi,,20000,"4,726,529",,,,
23-mei,18,Bi BBM N 3346 ABF km 719516 tgl 19/05/2026 ltr 2.5 maintance  gadang,transportasi,,25000,"4,701,529",,,,
23-mei,18,"Bi BBM N 6840 GE km 362721 tgl 22/05/2026 ltr 2.5 maintance mangliawan,gadang",transportasi,,25000,"4,676,529",,,,
23-mei,18,Bi BBM N 2114 km 413591 tgl 22/05/2026 ltr 2.5 maintance mangliawan gadang ,transportasi,,25000,"4,651,529",,,,
23-mei,18,Bi BBM L 1793 ACP  tgl 23/05/2026 ltr 10.0 ,transportasi,,100000,"4,551,529",,,,
23-mei,18,"Bi BBM N 2760 ABO km 54887  tgl 23/05/2026 ltr 3.0 maintance karangploso,arjosari,gadang",transportasi,,30000,"4,521,529",,,,
23-mei,18,Bi BBM N 2110 km 567646 tgl 23/05/2026 ltr 1.0 ,transportasi,,10000,"4,511,529",,,,
23-mei,18,"Bi BBM N 2668 GM km 401598 tgl 23/05/2026 ltr 2.0 maintance comboran,gadang",transportasi,,20000,"4,491,529",,,,
23-mei,18,Bi pembelian material tgl  23/05/2026- 1pcs baterai @ 12.000,Material,,12000,"4,479,529",,,,
23-mei,18,Bi pembelian material tgl  23/05/2026- 1pcs splitter PLC 1:2 @ 30.000,Material,,30000,"4,449,529",,,,
23-mei,18,Bi untuk pembayaran tagihan FIF no. 851000265523 angsr ke-30 tgl 23/04/2026,Cicilan Motor,,784000,"3,665,529",,,,
25-mei,19,dana Masuk Operasional,dana masuk ,277000,,"3,942,529",,,,
25-mei,19,dana Masuk Operasional,dana masuk ,3000000,,"6,942,529",,,,
25-mei,19,Bi BBM L 1793 ACP  tgl 24/05/2026 ltr 20.0 ,transportasi,,200000,"6,742,529",,,,
25-mei,19,Bi untuk transportasi mangliawan 3 team tgl 24/05/2026,transportasi,,60000,"6,682,529",,,,
25-mei,19,Bi konsumsi operasional bisnis mangliawan tgl 24/05/2026,perjalanan bisnis,,38700,"6,643,829",,,,
25-mei,19,"Bi BBM N 6840 GE km 8867324 tgl 25/05/2026 ltr 1.5 maintance karangkunci,bedali",transportasi,,15000,"6,628,829",,,,
25-mei,19,Bi BBM N 2109 km 507071 tgl 25/05/2026 ltr 1.5,transportasi,,15000,"6,613,829",,,,
25-mei,19,Bi BBM N 2464  km 22474 tgl 25/05/2026 ltr 2.5 maintance gadang,transportasi,,25000,"6,588,829",,,,
25-mei,19,Bi BBM N 2668 GM  km 401688 tgl 25/05/2026 ltr 2.7 maintance arjosari,transportasi,,23000,"6,565,829",,,,
25-mei,19,Bi untuk transportasi team audit persada tgl 25/05/2026,transportasi,,45000,"6,520,829",,,,
25-mei,19,Bi untuk pengembalian dana operasional bu dida tgl 25/05/2026,lain-lain,,230000,"6,290,829",,,,
25-mei,19,Bi untuk konsumsi kantor tgl 25/05/2026,konsumsi kantor,,100000,"6,190,829",,,,
25-mei,19,Bi untuk konsumsi team persada tgl 25/05/2026,konsumsi,,65100,"6,125,729",,,,
25-mei,19,Bi untuk konsumsi team malam lembur tgl 25/05/2026,konsumsi,,50000,"6,075,729",,,,
25-mei,19,Bi untuk pembayaran tagihan FIF no. 851000267723 angsr ke-30 tgl 25/04/2026,Cicilan Motor,,792000,"5,283,729",,,,
25-mei,19,Bi pembelian material tgl  24/05/2026- 2pcs solasi @ 10.000,Material,,20000,"5,263,729",,,,
25-mei,19,Bi pembelian material tgl  24/05/2026- 10pcs tier 100 @ 4.500,Material,,45000,"5,218,729",,,,
25-mei,19,Bi pembelian material tgl  24/05/2026- 10pcs tier 200 @ 13.000,Material,,130000,"5,088,729",,,,
25-mei,19,Bi pembelian material tgl  24/05/2026- 10pcs tier 300 @ 21.000,Material,,210000,"4,878,729",,,,
25-mei,19,Bi pembelian material tgl  24/05/2026- 20pcs solasi nasional @ 7.500,Material,,150000,"4,728,729",,,,
25-mei,19,Bi pembelian material tgl  24/05/2026- 5pcs over steker @ 5.000,Material,,25000,"4,703,729",,,,
25-mei,19,Bi pembelian material tgl  24/05/2026- 10pcs klem @ 6.500,Material,,65000,"4,638,729",,,,
25-mei,19,Bi pembelian material tgl  24/05/2026- 1pcs baigon @ 35.000,Material,,35000,"4,603,729",,,,
25-mei,19,Bi untuk pembelian rumah tangga tgl 25/05/2026- 6pcs jajan mawar @ 2.000,Rumah Tangga,,12000,"4,591,729",,,,
25-mei,19,Bi untuk pembelian rumah tangga tgl 25/05/2026- 1pcs kripik  @ 15.000,Rumah Tangga,,15000,"4,576,729",,,,
25-mei,19,Bi untuk pembelian rumah tangga tgl 25/05/2026- 1pcs cleo  @ 22.000,Rumah Tangga,,22000,"4,554,729",,,,
25-mei,19,Bi untuk pembelian rumah tangga tgl 25/05/2026- 3pcs cleo  @ 21.000,Rumah Tangga,,61000,"4,493,729",,,,
25-mei,19,Bi untuk bingkisan takbir keliling tgl 25/05/2026,lain-lain,,418780,"4,074,949",,,,
25-mei,19,Bi pembelian ATK tgl 25/05/2026- 30pcs HVS @ 500,ATK,,15000,"4,059,949",,,,
26-mei,20,dana Masuk Operasional,dana masuk,3000000,,"7,059,949",,,,
26-mei,20,Bi BBM P 2616 UC km 8316 tgl 22/05/2026 ltr 1.0 maintance karangkunci,transportasi,,10000,"7,049,949",,,,
26-mei,20,Bi BBM N 2109 km 211156 tgl 25/05/2026 ltr 1.0 maintance randuagung,transportasi,,10000,"7,039,949",,,,
26-mei,20,Bi BBM M 3024 BO km 83829 tgl 25/05/2026 ltr 2.0 ,transportasi,,20000,"7,019,949",,,,
26-mei,20,Bi BBM N 3346 ABF km 720589 tgl 26/05/2026 ltr 2.0 maintance mangliawan,transportasi,,20000,"6,999,949",,,,
26-mei,20,"Bi BBM M 5687 CP km 502558 tgl 26/05/2026 ltr 1.5 pembangunan yonkav,randugembolo,kunci",transportasi,,15000,"6,984,949",,,,
26-mei,20,"Bi BBM N 2114 km 7326721 tgl 26/05/2026 ltr 1.5 maintance randuagung,karang kunci",transportasi,,15000,"6,969,949",,,,
26-mei,20,Bi untuk konsumsi kantor tgl 26/05/2026,konsumsi kantor,,150000,"6,819,949",,,,
26-mei,20,Bi untuk pembayaran tagihan FIF no. 851000267823 angsr ke-30 tgl 26/04/2026,Cicilan Motor,,796000,"6,023,949",,,,
26-mei,20,Bi untuk bumbu qurban tgl 26/05/2026,lain-lain,,500000,"5,523,949",,,,
26-mei,20,Bi untuk pembayaran kurangan fee team unsur tgl 26/05/2026,lain-lain,,120000,"5,403,949",,,,
26-mei,20,Bi untuk pembayaran pulsa no.Cs 085804041950 tgl 26/05/2026,pulsa,,35000,"5,368,949",,,,
26-mei,20,Bi untuk pembelian listrik kantor randuagung idpel 513010051348 tgl 26/05/2026,Listrik Kantor,,203500,"5,165,449",,,,
26-mei,20,Bi pembelian material tgl  25/05/2026- 1pcs baigon @ 35.000,Material,,35000,"5,130,449",,,,
26-mei,20,Bi pembelian material tgl  25/05/2026- 1pcs hit lily @ 19.200,Material,,19200,"5,111,249",,,,
26-mei,20,diskon pembelian ,diskon,,-600,"5,111,849",,,,
26-mei,20,Bi untuk pembelian listrik server lawang idpel 513010031061 tgl 22/04/2026              ,Listrik server lawang,,200000,"4,911,849",,,,
26-mei,20,Bi untuk pembelian listrik kantor randuagung idpel 513010051348 tgl 22/05/2026,Listrik Kantor,,22000,"4,889,849",,,,
28-mei,21,"Bi BBM N 6840 GE km 7362831 tgl 28/05/2026 ltr 2.0 maintance randuagung, suko,garuda",transportasi,,20000,"4,869,849",,,,
28-mei,21,Bi untuk operasional qurban tgl 28/04/2026,qurban,,1100000,"3,769,849",,,,
28-mei,21,Bi untuk pembayaran tagihan FIF no. 851000265423 angsr ke-30 tgl 28/04/2026,Cicilan Motor,,803000,"2,966,849",,,,
29-mei,22,dana operasional masuk,dana masuk,2500000,,"5,466,849",,,,
29-mei,22,Bi pembelian material tgl  28/05/2026- memory card rw9 @ 362.388,Material,,362388,"5,104,461",,,,
29-mei,22,Bi pembelian material tgl  29/05/2026- 1pcs hit lily @ 19.200,Material,,19200,"5,085,261",,,,
29-mei,22,diskon pembelian,diskon,,-600,"5,085,861",,,,
29-mei,22,Bi pembelian material tgl  29/05/2026- 1pcs hit lily @ 19.200,Material,,19200,"5,066,661",,,,
29-mei,22,diskon pembelian,diskon,,-600,"5,067,261",,,,
29-mei,22,"Bi BBM N 3457 ABF km 536462 tgl 29/05/2026 ltr 2.0 singosari,lawang",transportasi,,20000,"5,047,261",,,,
29-mei,22,Bi parkir N 4976 FW Bank Mandiri Singosari tgl 04/05/2026,transportasi,,"2,000","5,045,261",,,,
29-mei,22,"Bi untuk transportasi pak bara 19,22,29 tgl 29/05/2026",transportasi,,"60,000","4,985,261",,,,
29-mei,22,Bi untuk pembelian listrik kantor randuagung idpel 513010051348 tgl 28/05/2026,Listrik Kantor,,203000,"4,782,261",,,,
29-mei,22,Bi operasional rapat dengan kepala desa klampok tgl 29/05/2026,perjalanan bisnis,,150000,"4,632,261",,,,
29-mei,22,Bi untuk amplop polsek lawang tgl 29/05/2026 ,amplop,,200000,"4,432,261",,,,
29-mei,22,Bi pembelian ATK tgl 29/05/2026- 10pcs materai @ 10.000,ATK,,100000,"4,332,261",,,,
30-mei,23,Bi BBM N 2114 EFD km 417123 tgl 26/05/2026 ltr 2.0 maintance gadang,transportasi,,20000,"4,312,261",,,,
30-mei,23,Bi BBM L 1793 ACP  tgl 29/05/2026 ltr 10.0 ,transportasi,,100000,"4,212,261",,,,
30-mei,23,"Bi BBM N 2110 EFD km 7326331 tgl 30/05/2026 ltr 1.5 maintance randuagung, gondang,garuda",transportasi,,15000,"4,197,261",,,,
30-mei,23,Bi BBM N 2109 EFD km 509378 tgl 30/05/2026 ltr 1.0 pelurusan randuagung,transportasi,,10000,"4,187,261",,,,
30-mei,23,"Bi BBM P 2616 UC km 8316 tgl 30/05/2026 ltr 3.0 singosari,comboran",transportasi,,30000,"4,157,261",,,,
30-mei,23,Bi transportasi karyawan resign tgl 30/05/2026,transportasi,,55000,"4,102,261",,,,
30-mei,23,Bi untuk perawatan  kendaraan service P 2616 UC tgl 30/05/2026,perawatan kendaraan ,,20000,"4,082,261",,,,
30-mei,23,Bi untuk pembelian rumah tangga tgl 30/05/2026- 5pcs oxy @ 12.000,Rumah Tangga,,60000,"4,022,261",,,,
30-mei,23,Bi untuk pembelian listrik kantor randuagung idpel 513010051348 tgl 30/05/2026,Listrik Kantor,,205000,"3,817,261",,,,
30-mei,23,Bi untuk konsumsi kantor tgl 30/05/2026,konsumsi kantor,,110000,"3,707,261",,,,
30-mei,23,Bi untuk amplop kepala desa klampok tgl 30/05/2026,amplop,,1000000,"2,707,261",,,,
31-mei,24,dana Masuk Operasional,dana masuk,3000000,,"5,707,261",,,,
31-mei,24,Bi BBM N 2114 EFD tgl 31/05/2026 ltr 1.5,transportasi,,15000,"5,692,261",,,,
31-mei,24,Bi operasional transportasi pak bara tgl 30/05/2026,transportasi,,20000,"5,672,261",,,,
31-mei,24,Bi pembelian material tgl  29/05/2026- 1pcs htb trondol @ 90.000,Material,,90000,"5,582,261",,,,
31-mei,24,Bi pembelian material tgl  30/05/2026- router @ 400.000,Material,,400000,"5,182,261",,,,
,,,,"35,347,630","30,165,369","5,182,261",,,,
,,,,,,,,,,
,,,,,,,,,,
,,,,,,,,,,
,,,,,,,,,,
,,,,,,,,,,
,,,,,,,,,,
,,,,,,,,,,
,,,,,,,,,,
02-Mei,,bu april kasbone sangu novel,,,"100,000",,,,,
04-mei,,grab bu april 64 + bensin bu april 10k,,,"74,000",,,,,
,,rawat inap anak e mbak dida kucing,,,"650,000",,,,,
05-mei,,cod budihidayat,,,"31,000",,,,,
06-mei,,OBAT PAK BUDI,,,"45,000",,,,,
07-mei,,nasi pak budi,,,"10,000",,,,,
,,nasi pak budi,,,"44,000",,,,,
,,adiva krupuk,,,"2,000",,,,,
08-mei,,rokok pak budi,,,"47,000",,,,,
09-mei,,bensin cortes bu dida,,,"  100,000.00 ",,,,,
,,mbk dida ayam,,,"100,000",,,,,
,,bu april beli nasi,,,"15,000",,,,,
11-mei ,,bensin bu april cortes,,,"100,000",,,,,
12-MEI,,budida makan kucing,,,"50,000",,,,,
,,rokok pak budi,,,"24,500",,,,,
13-mei,,kasbonemas ridwan,,,"50,000",,,,,
,,rokok pak budi,,,"47,000",,,,,
,,ADIVA,,,"3,000",,,,,
15-mei,,ROKOk pak budi,,,"47,000",,,,,
16-MEI,,COD gofood pak budi,,,"108,000",,,,,
20-MEI,,ROKOk pak budi,,,"23,500",,,,,
,,cod casing hp oppo pt skynet pak budi,,,"20,000",,,,,
,,BENSIN SURABAYA EVALIA bu april,,,"200,000",,,,,
21-mei,,token listrik kantor kemaren ibu april,,,"200,000",,,,,
,,pak budi minta uang beli mention,,,"100,000",,,,,
,,PAK BUDI NASI PADANG,,,"50,000",,,,,
,,MAKAN KUCING BU APRIL,,,"100,000",,,,,
,,cod pak budi stb android,,,"424,000",,,,,
22-mei,,rokok pak budi tgl 21,,,"50,000",,,,,
,,pak budi minta uang rokok,,,"100,000",,,,,
23-mei,,COD TAS SLEMPANG BU APRIL,,,"57,000",,,,,
25-MEI,,ROKOK PAK BUDI,,,"23,000",,,,,
26-mei,,indomie bu april,,,20000,,,,,
,,IBU APRIL MINTA UANG KELUAR LIHAT SAPI,,,100000,,,,,
28-MEI,,PAK BUDI,,,100000,,,,,
,,pak budi cod blindbox,,,"105,000",,,,,
,,nia cod,,,"35,000",,,,,
,,cod pak budi,,,"130,500",,,,,
29-mei,,bensin mobil bu april,,,"100,000",,,,,
,,,,,,,,,,
,,,,,"5,182,261",,,,,
,,,,,"  3,585,500.00 ",,,,,
,,,,,"  1,596,761.00 ",,,,,
,,,,,,,,,,
,,Kategori,SUM of  Penerimaan ,SUM of  Pengeluaran ,,,,,,
,,amplop,0,1200000,,,,,,
,,ATK,0,1315000,,,,,,
,,Cicilan Motor,0,3955000,,,,,,
,,dana masuk,"32,070,630",0,,,,,,
,,dana masuk ,3277000,0,,,,,,
,,diskon,0,-70500,,,,,,
,,etol,0,55000,,,,,,
,,fee,0,"1,350,000",,,,,,
,,gaji,0,250000,,,,,,
,,konsumsi,0,"826,100",,,,,,
,,konsumsi kantor,0,2169000,,,,,,
,,lain-lain,0,"1,928,780",,,,,,
,,Listrik Kantor,0,1759500,,,,,,
,,Listrik Server,0,"820,000",,,,,,
,,Listrik server lawang,0,200000,,,,,,
,,Material,0,4489488,,,,,,
,,ongkir,0,"286,900",,,,,,
,,perawatan kendaraan ,0,"659,500",,,,,,
,,perjalanan bisnis,0,534200,,,,,,
,,pulsa,0,"85,000",,,,,,
,,qurban,0,1100000,,,,,,
,,Rumah Tangga,0,2336401,,,,,,
,,saldo awal,0,0,,,,,,
,,sangu,0,920000,,,,,,
,,transportasi,0,3996000,,,,,,
,,Grand Total,"35,347,630","30,165,369",,,,,,